Giornata,Casa,Ospite,Risultato,Marcatori Casa,Marcatori Trasferta
1,Empoli,Hellas Verona,0-1,"[]","[{'Giocatore': 'Bonazzoli', 'Minuto': 75, 'Rigore': False, 'Autogol': False}]"
1,Frosinone,Napoli,1-3,"[{'Giocatore': 'Harroui', 'Minuto': 7, 'Rigore': True, 'Autogol': False}]","[{'Giocatore': 'Politano', 'Minuto': 24, 'Rigore': False, 'Autogol': False}, {'Giocatore': 'Osimhen', 'Minuto': 42, 'Rigore': False, 'Autogol': False}, {'Giocatore': 'Osimhen', 'Minuto': 79, 'Rigore': False, 'Autogol': False}]"
1,Genoa,Fiorentina,1-4,"[{'Giocatore': 'Biraschi', 'Minuto': 58, 'Rigore': False, 'Autogol': False}]","[{'Giocatore': 'Biraghi', 'Minuto': 5, 'Rigore': False, 'Autogol': False}, {'Giocatore': 'Bonaventura', 'Minuto': 11, 'Rigore': False, 'Autogol': False}, {'Giocatore': 'Gonzalez', 'Minuto': 40, 'Rigore': False, 'Autogol': False}, {'Giocatore': 'Mandragora', 'Minuto': 56, 'Rigore': False, 'Autogol': False}]"
1,Inter,Monza,2-0,"[{'Giocatore': 'Lautaro Martinez', 'Minuto': 8, 'Rigore': False, 'Autogol': False}, {'Giocatore': 'Lautaro Martinez', 'Minuto': 76, 'Rigore': False, 'Autogol': False}]","[]"
1,Roma,Salernitana,2-2,"[{'Giocatore': 'Belotti', 'Minuto': 17, 'Rigore': False, 'Autogol': False}, {'Giocatore': 'Belotti', 'Minuto': 82, 'Rigore': False, 'Autogol': False}]","[{'Giocatore': 'Candreva', 'Minuto': 36, 'Rigore': False, 'Autogol': False}, {'Giocatore': 'Candreva', 'Minuto': 49, 'Rigore': False, 'Autogol': False}]"
1,Sassuolo,Atalanta,0-2,"[]","[{'Giocatore': 'De Ketelaere', 'Minuto': 56, 'Rigore': False, 'Autogol': False}, {'Giocatore': 'Zortea', 'Minuto': 93, 'Rigore': False, 'Autogol': False}]"
1,Lecce,Lazio,2-1,"[{'Giocatore': 'Di Francesco', 'Minuto': 85, 'Rigore': False, 'Autogol': False}, {'Giocatore': 'Almqvist', 'Minuto': 87, 'Rigore': False, 'Autogol': False}]","[{'Giocatore': 'Immobile', 'Minuto': 26, 'Rigore': False, 'Autogol': False}]"
1,Udinese,Juventus,0-3,"[]","[{'Giocatore': 'Chiesa', 'Minuto': 2, 'Rigore': False, 'Autogol': False}, {'Giocatore': 'Rabiot', 'Minuto': 26, 'Rigore': False, 'Autogol': False}, {'Giocatore': 'Vlahovic', 'Minuto': 45, 'Rigore': True, 'Autogol': False}]"
1,Torino,Cagliari,0-0,"[]","[]"
1,Bologna,Milan,0-2,"[]","[{'Giocatore': 'Pulisic', 'Minuto': 21, 'Rigore': False, 'Autogol': False}, {'Giocatore': 'Giroud', 'Minuto': 22, 'Rigore': False, 'Autogol': False}]"
2,Frosinone,Atalanta,2-1,"[{'Giocatore': 'Harroui', 'Minuto': 5, 'Rigore': False, 'Autogol': False}, {'Giocatore': 'Monterisi', 'Minuto': 24, 'Rigore': False, 'Autogol': False}]","[{'Giocatore': 'Zapata', 'Minuto': 56, 'Rigore': False, 'Autogol': False}]"
2,Monza,Empoli,2-0,"[{'Giocatore': 'Colpani', 'Minuto': 45, 'Rigore': False, 'Autogol': False}, {'Giocatore': 'Colpani', 'Minuto': 62, 'Rigore': False, 'Autogol': False}]","[]"
2,Hellas Verona,Roma,2-1,"[{'Giocatore': 'Duda', 'Minuto': 4, 'Rigore': False, 'Autogol': False}, {'Giocatore': 'Ngonge', 'Minuto': 45, 'Rigore': False, 'Autogol': False}]","[{'Giocatore': 'Aouar', 'Minuto': 56, 'Rigore': False, 'Autogol': False}]"
2,Milan,Torino,4-1,"[{'Giocatore': 'Pulisic', 'Minuto': 33, 'Rigore': False, 'Autogol': False}, {'Giocatore': 'Hernandez', 'Minuto': 43, 'Rigore': False, 'Autogol': False}, {'Giocatore': 'Giroud', 'Minuto': 45, 'Rigore': True, 'Autogol': False}, {'Giocatore': 'Giroud', 'Minuto': 65, 'Rigore': True, 'Autogol': False}]","[{'Giocatore': 'Schuurs', 'Minuto': 36, 'Rigore': False, 'Autogol': False}]"
2,Fiorentina,Lecce,2-2,"[{'Giocatore': 'Gonzalez', 'Minuto': 3, 'Rigore': False, 'Autogol': False}, {'Giocatore': 'Duncan', 'Minuto': 25, 'Rigore': False, 'Autogol': False}]","[{'Giocatore': 'Rafia', 'Minuto': 49, 'Rigore': False, 'Autogol': False}, {'Giocatore': 'Krstovic', 'Minuto': 76, 'Rigore': False, 'Autogol': False}]"
2,Juventus,Bologna,1-1,"[{'Giocatore': 'Vlahovic', 'Minuto': 80, 'Rigore': False, 'Autogol': False}]","[{'Giocatore': 'Ferguson', 'Minuto': 24, 'Rigore': False, 'Autogol': False}]"
2,Lazio,Genoa,0-1,"[]","[{'Giocatore': 'Retegui', 'Minuto': 16, 'Rigore': False, 'Autogol': False}]"
2,Napoli,Sassuolo,2-0,"[{'Giocatore': 'Osimhen', 'Minuto': 16, 'Rigore': True, 'Autogol': False}, {'Giocatore': 'Di Lorenzo', 'Minuto': 64, 'Rigore': False, 'Autogol': False}]","[]"
2,Salernitana,Udinese,1-1,"[{'Giocatore': 'Dia', 'Minuto': 72, 'Rigore': False, 'Autogol': False}]","[{'Giocatore': 'Samardzic', 'Minuto': 57, 'Rigore': False, 'Autogol': False}]"
2,Cagliari,Inter,0-2,"[]","[{'Giocatore': 'Dumfries', 'Minuto': 21, 'Rigore': False, 'Autogol': False}, {'Giocatore': 'Lautaro Martinez', 'Minuto': 30, 'Rigore': False, 'Autogol': False}]"
3,Sassuolo,Hellas Verona,3-1,"[{'Giocatore': 'Pinamonti', 'Minuto': 11, 'Rigore': False, 'Autogol': False}, {'Giocatore': 'Berardi', 'Minuto': 64, 'Rigore': False, 'Autogol': False}, {'Giocatore': 'Berardi', 'Minuto': 72, 'Rigore': True, 'Autogol': False}]","[{'Giocatore': 'Ngonge', 'Minuto': 56, 'Rigore': False, 'Autogol': False}]"
3,Roma,Milan,1-2,"[{'Giocatore': 'Spinazzola', 'Minuto': 90, 'Rigore': False, 'Autogol': False}]","[{'Giocatore': 'Giroud', 'Minuto': 9, 'Rigore': True, 'Autogol': False}, {'Giocatore': 'Leão', 'Minuto': 48, 'Rigore': False, 'Autogol': False}]"
3,Bologna,Cagliari,2-1,"[{'Giocatore': 'Zirkzee', 'Minuto': 59, 'Rigore': False, 'Autogol': False}, {'Giocatore': 'Fabbian', 'Minuto': 89, 'Rigore': False, 'Autogol': False}]","[{'Giocatore': 'Luvumbo', 'Minuto': 22, 'Rigore': False, 'Autogol': False}]"
3,Udinese,Frosinone,0-0,"[]","[]"
3,Atalanta,Monza,3-0,"[{'Giocatore': 'Scamacca', 'Minuto': 35, 'Rigore': False, 'Autogol': False}, {'Giocatore': 'Ederson', 'Minuto': 42, 'Rigore': False, 'Autogol': False}, {'Giocatore': 'Scamacca', 'Minuto': 62, 'Rigore': False, 'Autogol': False}]","[]"
3,Napoli,Lazio,1-2,"[{'Giocatore': 'Zielinski', 'Minuto': 34, 'Rigore': False, 'Autogol': False}]","[{'Giocatore': 'Luis Alberto', 'Minuto': 30, 'Rigore': False, 'Autogol': False}, {'Giocatore': 'Kamada', 'Minuto': 52, 'Rigore': False, 'Autogol': False}]"
3,Inter,Fiorentina,4-0,"[{'Giocatore': 'Thuram', 'Minuto': 23, 'Rigore': False, 'Autogol': False}, {'Giocatore': 'Lautaro Martinez', 'Minuto': 53, 'Rigore': False, 'Autogol': False}, {'Giocatore': 'Calhanoglu', 'Minuto': 71, 'Rigore': True, 'Autogol': False}, {'Giocatore': 'Lautaro Martinez', 'Minuto': 73, 'Rigore': False, 'Autogol': False}]","[]"
3,Torino,Genoa,1-0,"[{'Giocatore': 'Radonjic', 'Minuto': 94, 'Rigore': False, 'Autogol': False}]","[]"
3,Empoli,Juventus,0-2,"[]","[{'Giocatore': 'Danilo', 'Minuto': 24, 'Rigore': False, 'Autogol': False}, {'Giocatore': 'Chiesa', 'Minuto': 82, 'Rigore': False, 'Autogol': False}]"
3,Lecce,Salernitana,2-0,"[{'Giocatore': 'Krstovic', 'Minuto': 6, 'Rigore': False, 'Autogol': False}, {'Giocatore': 'Strefezza', 'Minuto': 98, 'Rigore': True, 'Autogol': False}]","[]"
4,Juventus,Lazio,3-1,"[{'Giocatore': 'Vlahovic', 'Minuto': 10, 'Rigore': False, 'Autogol': False}, {'Giocatore': 'Chiesa', 'Minuto': 26, 'Rigore': False, 'Autogol': False}, {'Giocatore': 'Vlahovic', 'Minuto': 67, 'Rigore': False, 'Autogol': False}]","[{'Giocatore': 'Luis Alberto', 'Minuto': 64, 'Rigore': False, 'Autogol': False}]"
4,Inter,Milan,5-1,"[{'Giocatore': 'Mkhitaryan', 'Minuto': 5, 'Rigore': False, 'Autogol': False}, {'Giocatore': 'Thuram', 'Minuto': 38, 'Rigore': False, 'Autogol': False}, {'Giocatore': 'Mkhitaryan', 'Minuto': 69, 'Rigore': False, 'Autogol': False}, {'Giocatore': 'Calhanoglu', 'Minuto': 79, 'Rigore': True, 'Autogol': False}, {'Giocatore': 'Frattesi', 'Minuto': 93, 'Rigore': False, 'Autogol': False}]","[{'Giocatore': 'Leão', 'Minuto': 57, 'Rigore': False, 'Autogol': False}]"
4,Genoa,Napoli,2-2,"[{'Giocatore': 'Bani', 'Minuto': 40, 'Rigore': False, 'Autogol': False}, {'Giocatore': 'Retegui', 'Minuto': 56, 'Rigore': False, 'Autogol': False}]","[{'Giocatore': 'Raspadori', 'Minuto': 76, 'Rigore': False, 'Autogol': False}, {'Giocatore': 'Politano', 'Minuto': 84, 'Rigore': False, 'Autogol': False}]"
4,Cagliari,Udinese,0-0,"[]","[]"
4,Frosinone,Sassuolo,4-2,"[{'Giocatore': 'Mazzitelli', 'Minuto': 41, 'Rigore': False, 'Autogol': False}, {'Giocatore': 'Mazzitelli', 'Minuto': 56, 'Rigore': False, 'Autogol': False}, {'Giocatore': 'Lirola', 'Minuto': 70, 'Rigore': False, 'Autogol': False}, {'Giocatore': 'Cheddira', 'Minuto': 96, 'Rigore': True, 'Autogol': False}]","[{'Giocatore': 'Pinamonti', 'Minuto': 7, 'Rigore': False, 'Autogol': False}, {'Giocatore': 'Pinamonti', 'Minuto': 24, 'Rigore': False, 'Autogol': False}]"
4,Monza,Lecce,1-1,"[{'Giocatore': 'Colpani', 'Minuto': 3, 'Rigore': False, 'Autogol': False}]","[{'Giocatore': 'Krstovic', 'Minuto': 24, 'Rigore': True, 'Autogol': False}]"
4,Fiorentina,Atalanta,3-2,"[{'Giocatore': 'Bonaventura', 'Minuto': 35, 'Rigore': False, 'Autogol': False}, {'Giocatore': 'Martinez Quarta', 'Minuto': 45, 'Rigore': False, 'Autogol': False}, {'Giocatore': 'Kouamé', 'Minuto': 76, 'Rigore': False, 'Autogol': False}]","[{'Giocatore': 'Koopmeiners', 'Minuto': 20, 'Rigore': False, 'Autogol': False}, {'Giocatore': 'Lookman', 'Minuto': 53, 'Rigore': False, 'Autogol': False}]"
4,Roma,Empoli,7-0,"[{'Giocatore': 'Renato Sanches', 'Minuto': 2, 'Rigore': False, 'Autogol': False}, {'Giocatore': 'Dybala', 'Minuto': 8, 'Rigore': True, 'Autogol': False}, {'Giocatore': 'Grassi', 'Minuto': 35, 'Rigore': False, 'Autogol': True}, {'Giocatore': 'Dybala', 'Minuto': 55, 'Rigore': False, 'Autogol': False}, {'Giocatore': 'Cristante', 'Minuto': 80, 'Rigore': False, 'Autogol': False}, {'Giocatore': 'Lukaku', 'Minuto': 82, 'Rigore': False, 'Autogol': False}, {'Giocatore': 'Mancini', 'Minuto': 86, 'Rigore': False, 'Autogol': False}]","[]"
4,Salernitana,Torino,0-3,"[]","[{'Giocatore': 'Buongiorno', 'Minuto': 15, 'Rigore': False, 'Autogol': False}, {'Giocatore': 'Radonjic', 'Minuto': 41, 'Rigore': False, 'Autogol': False}, {'Giocatore': 'Radonjic', 'Minuto': 50, 'Rigore': False, 'Autogol': False}]"
4,Hellas Verona,Bologna,0-0,"[]","[]"
5,Salernitana,Frosinone,1-1,"[{'Giocatore': 'Cabral', 'Minuto': 12, 'Rigore': False, 'Autogol': False}]","[{'Giocatore': 'Romagnoli', 'Minuto': 51, 'Rigore': False, 'Autogol': False}]"
5,Lecce,Genoa,1-0,"[{'Giocatore': 'Oudin', 'Minuto': 83, 'Rigore': False, 'Autogol': False}]","[]"
5,Milan,Hellas Verona,1-0,"[{'Giocatore': 'Leão', 'Minuto': 8, 'Rigore': False, 'Autogol': False}]","[]"
5,Sassuolo,Juventus,4-2,"[{'Giocatore': 'Laurienté', 'Minuto': 12, 'Rigore': False, 'Autogol': False}, {'Giocatore': 'Berardi', 'Minuto': 41, 'Rigore': False, 'Autogol': False}, {'Giocatore': 'Pinamonti', 'Minuto': 82, 'Rigore': False, 'Autogol': False}, {'Giocatore': 'Gatti', 'Minuto': 95, 'Rigore': False, 'Autogol': True}]","[{'Giocatore': 'Vina', 'Minuto': 21, 'Rigore': False, 'Autogol': True}, {'Giocatore': 'Chiesa', 'Minuto': 78, 'Rigore': False, 'Autogol': False}]"
5,Lazio,Monza,1-1,"[{'Giocatore': 'Immobile', 'Minuto': 12, 'Rigore': True, 'Autogol': False}]","[{'Giocatore': 'Gagliardini', 'Minuto': 36, 'Rigore': False, 'Autogol': False}]"
5,Empoli,Inter,0-1,"[]","[{'Giocatore': 'Dimarco', 'Minuto': 51, 'Rigore': False, 'Autogol': False}]"
5,Atalanta,Cagliari,2-0,"[{'Giocatore': 'Lookman', 'Minuto': 33, 'Rigore': False, 'Autogol': False}, {'Giocatore': 'Pasalic', 'Minuto': 76, 'Rigore': False, 'Autogol': False}]","[]"
5,Udinese,Fiorentina,0-2,"[]","[{'Giocatore': 'Martinez Quarta', 'Minuto': 32, 'Rigore': False, 'Autogol': False}, {'Giocatore': 'Bonaventura', 'Minuto': 92, 'Rigore': False, 'Autogol': False}]"
5,Bologna,Napoli,0-0,"[]","[]"
5,Torino,Roma,1-1,"[{'Giocatore': 'Zapata', 'Minuto': 85, 'Rigore': False, 'Autogol': False}]","[{'Giocatore': 'Lukaku', 'Minuto': 68, 'Rigore': False, 'Autogol': False}]"
6,Juventus,Lecce,1-0,"[{'Giocatore': 'Milik', 'Minuto': 57, 'Rigore': False, 'Autogol': False}]","[]"
6,Cagliari,Milan,1-3,"[{'Giocatore': 'Luvumbo', 'Minuto': 29, 'Rigore': False, 'Autogol': False}]","[{'Giocatore': 'Okafor', 'Minuto': 40, 'Rigore': False, 'Autogol': False}, {'Giocatore': 'Tomori', 'Minuto': 46, 'Rigore': False, 'Autogol': False}, {'Giocatore': 'Loftus-Cheek', 'Minuto': 60, 'Rigore': False, 'Autogol': False}]"
6,Empoli,Salernitana,1-0,"[{'Giocatore': 'Baldanzi', 'Minuto': 34, 'Rigore': False, 'Autogol': False}]","[]"
6,Verona,Atalanta,0-1,"[]","[{'Giocatore': 'Koopmeiners', 'Minuto': 13, 'Rigore': False, 'Autogol': False}]"
6,Inter,Sassuolo,1-2,"[{'Giocatore': 'Dumfries', 'Minuto': 45, 'Rigore': False, 'Autogol': False}]","[{'Giocatore': 'Bajrami', 'Minuto': 54, 'Rigore': False, 'Autogol': False}, {'Giocatore': 'Berardi', 'Minuto': 63, 'Rigore': False, 'Autogol': False}]"
6,Lazio,Torino,2-0,"[{'Giocatore': 'Vecino', 'Minuto': 56, 'Rigore': False, 'Autogol': False}, {'Giocatore': 'Zaccagni', 'Minuto': 75, 'Rigore': False, 'Autogol': False}]","[]"
6,Napoli,Udinese,4-1,"[{'Giocatore': 'Zielinski', 'Minuto': 19, 'Rigore': True, 'Autogol': False}, {'Giocatore': 'Osimhen', 'Minuto': 39, 'Rigore': False, 'Autogol': False}, {'Giocatore': 'Kvaratskhelia', 'Minuto': 74, 'Rigore': False, 'Autogol': False}, {'Giocatore': 'Simeone', 'Minuto': 81, 'Rigore': False, 'Autogol': False}]","[{'Giocatore': 'Samardzic', 'Minuto': 80, 'Rigore': False, 'Autogol': False}]"
6,Frosinone,Fiorentina,1-1,"[{'Giocatore': 'Soulé', 'Minuto': 70, 'Rigore': False, 'Autogol': False}]","[{'Giocatore': 'Ikoné', 'Minuto': 19, 'Rigore': False, 'Autogol': False}]"
6,Monza,Bologna,0-0,"[]","[]"
6,Roma,Genoa,1-4,"[{'Giocatore': 'Cristante', 'Minuto': 22, 'Rigore': False, 'Autogol': True}]","[{'Giocatore': 'Guðmundsson', 'Minuto': 5, 'Rigore': False, 'Autogol': False}, {'Giocatore': 'Retegui', 'Minuto': 45, 'Rigore': False, 'Autogol': False}, {'Giocatore': 'Thorsby', 'Minuto': 74, 'Rigore': False, 'Autogol': False}, {'Giocatore': 'Messias', 'Minuto': 81, 'Rigore': False, 'Autogol': False}]"
7,Lecce,Napoli,0-4,"[]","[{'Giocatore': 'Østigård', 'Minuto': 16, 'Rigore': False, 'Autogol': False}, {'Giocatore': 'Osimhen', 'Minuto': 51, 'Rigore': False, 'Autogol': False}, {'Giocatore': 'Gaetano', 'Minuto': 88, 'Rigore': False, 'Autogol': False}, {'Giocatore': 'Politano', 'Minuto': 94, 'Rigore': True, 'Autogol': False}]"
7,Milan,Lazio,2-0,"[{'Giocatore': 'Pulisic', 'Minuto': 60, 'Rigore': False, 'Autogol': False}, {'Giocatore': 'Okafor', 'Minuto': 88, 'Rigore': False, 'Autogol': False}]","[]"
7,Salernitana,Inter,0-4,"[]","[{'Giocatore': 'Lautaro Martinez', 'Minuto': 62, 'Rigore': False, 'Autogol': False}, {'Giocatore': 'Lautaro Martinez', 'Minuto': 77, 'Rigore': False, 'Autogol': False}, {'Giocatore': 'Lautaro Martinez', 'Minuto': 85, 'Rigore': True, 'Autogol': False}, {'Giocatore': 'Lautaro Martinez', 'Minuto': 89, 'Rigore': False, 'Autogol': False}]"
7,Bologna,Empoli,3-0,"[{'Giocatore': 'Orsolini', 'Minuto': 21, 'Rigore': False, 'Autogol': False}, {'Giocatore': 'Orsolini', 'Minuto': 66, 'Rigore': False, 'Autogol': False}, {'Giocatore': 'Orsolini', 'Minuto': 93, 'Rigore': True, 'Autogol': False}]","[]"
7,Udinese,Genoa,2-2,"[{'Giocatore': 'Lucca', 'Minuto': 91, 'Rigore': True, 'Autogol': False}, {'Giocatore': 'Perez', 'Minuto': 93, 'Rigore': False, 'Autogol': False}]","[{'Giocatore': 'Gudmundsson', 'Minuto': 41, 'Rigore': False, 'Autogol': False}, {'Giocatore': 'Retegui', 'Minuto': 46, 'Rigore': False, 'Autogol': False}]"
7,Atalanta,Juventus,0-0,"[]","[]"
7,Roma,Frosinone,2-0,"[{'Giocatore': 'Lukaku', 'Minuto': 21, 'Rigore': False, 'Autogol': False}, {'Giocatore': 'Lo. Pellegrini', 'Minuto': 83, 'Rigore': False, 'Autogol': False}]","[]"
7,Sassuolo,Monza,0-1,"[]","[{'Giocatore': 'Colombo', 'Minuto': 66, 'Rigore': False, 'Autogol': False}]"
7,Torino,Verona,0-0,"[]","[]"
7,Fiorentina,Cagliari,3-0,"[{'Giocatore': 'N. González', 'Minuto': 3, 'Rigore': False, 'Autogol': False}, {'Giocatore': 'Dossena', 'Minuto': 21, 'Rigore': False, 'Autogol': True}, {'Giocatore': 'Nzola', 'Minuto': 94, 'Rigore': False, 'Autogol': False}]","[]"
8,Genoa,Milan,0-1,"[]","[{'Giocatore': 'Pulisic', 'Minuto': 87, 'Rigore': False, 'Autogol': False}]"
8,Lazio,Atalanta,3-2,"[{'Giocatore': 'Castellanos', 'Minuto': 11, 'Rigore': False, 'Autogol': False}, {'Giocatore': 'Éderson', 'Minuto': 33, 'Rigore': False, 'Autogol': False}, {'Giocatore': 'Vecino', 'Minuto': 83, 'Rigore': False, 'Autogol': False}]","[{'Giocatore': 'De Ketelaere', 'Minuto': 5, 'Rigore': False, 'Autogol': True}, {'Giocatore': 'Kolašinac', 'Minuto': 63, 'Rigore': False, 'Autogol': False}]"
8,Inter,Bologna,2-2,"[{'Giocatore': 'Acerbi', 'Minuto': 11, 'Rigore': False, 'Autogol': False}, {'Giocatore': 'Lautaro Martínez', 'Minuto': 13, 'Rigore': False, 'Autogol': False}]","[{'Giocatore': 'Orsolini', 'Minuto': 19, 'Rigore': True, 'Autogol': False}, {'Giocatore': 'Zirkzee', 'Minuto': 52, 'Rigore': False, 'Autogol': False}]"
8,Juventus,Torino,2-0,"[{'Giocatore': 'Gatti', 'Minuto': 47, 'Rigore': False, 'Autogol': False}, {'Giocatore': 'Milik', 'Minuto': 62, 'Rigore': False, 'Autogol': False}]","[]"
8,Frosinone,Verona,2-1,"[{'Giocatore': 'Reinier', 'Minuto': 45, 'Rigore': False, 'Autogol': False}, {'Giocatore': 'Mazzitelli', 'Minuto': 76, 'Rigore': False, 'Autogol': False}]","[{'Giocatore': 'Djuric', 'Minuto': 43, 'Rigore': False, 'Autogol': False}]"
8,Monza,Salernitana,3-0,"[{'Giocatore': 'Colpani', 'Minuto': 9, 'Rigore': False, 'Autogol': False}, {'Giocatore': 'V. Carboni', 'Minuto': 18, 'Rigore': False, 'Autogol': False}, {'Giocatore': 'Pessina', 'Minuto': 39, 'Rigore': False, 'Autogol': False}]","[]"
8,Lecce,Sassuolo,1-1,"[{'Giocatore': 'Krstović', 'Minuto': 48, 'Rigore': False, 'Autogol': False}]","[{'Giocatore': 'D. Berardi', 'Minuto': 22, 'Rigore': True, 'Autogol': False}]"
8,Empoli,Udinese,0-0,"[]","[]"
8,Cagliari,Roma,1-4,"[{'Giocatore': 'Nández', 'Minuto': 87, 'Rigore': False, 'Autogol': False}]","[{'Giocatore': 'Aouar', 'Minuto': 19, 'Rigore': False, 'Autogol': False}, {'Giocatore': 'Lukaku', 'Minuto': 59, 'Rigore': False, 'Autogol': False}, {'Giocatore': 'Belotti', 'Minuto': 51, 'Rigore': False, 'Autogol': False}, {'Giocatore': 'Cristante', 'Minuto': 20, 'Rigore': False, 'Autogol': True}]"
8,Napoli,Fiorentina,1-3,"[{'Giocatore': 'Osimhen', 'Minuto': 45, 'Rigore': True, 'Autogol': False}]","[{'Giocatore': 'Brekalo', 'Minuto': 7, 'Rigore': False, 'Autogol': False}, {'Giocatore': 'Bonaventura', 'Minuto': 63, 'Rigore': False, 'Autogol': False}, {'Giocatore': 'Gonzalez', 'Minuto': 93, 'Rigore': False, 'Autogol': False}]"
9,Milan,Juventus,0-1,"[]","[{'Giocatore': 'Locatelli', 'Minuto': 63, 'Rigore': False, 'Autogol': False}]"
9,Torino,Inter,0-3,"[]","[{'Giocatore': 'Thuram', 'Minuto': 59, 'Rigore': False, 'Autogol': False}, {'Giocatore': 'Lautaro Martinez', 'Minuto': 67, 'Rigore': False, 'Autogol': False}, {'Giocatore': 'Calhanoglu', 'Minuto': 95, 'Rigore': True, 'Autogol': False}]"
9,Bologna,Frosinone,2-1,"[{'Giocatore': 'Ferguson', 'Minuto': 19, 'Rigore': False, 'Autogol': False}, {'Giocatore': 'De Silvestri', 'Minuto': 22, 'Rigore': False, 'Autogol': False}]","[{'Giocatore': 'Soulé', 'Minuto': 63, 'Rigore': True, 'Autogol': False}]"
9,Roma,Monza,1-0,"[{'Giocatore': 'El Shaarawy', 'Minuto': 91, 'Rigore': False, 'Autogol': False}]","[]"
9,Fiorentina,Empoli,0-2,"[]","[{'Giocatore': 'Caputo', 'Minuto': 21, 'Rigore': False, 'Autogol': False}, {'Giocatore': 'Gyasi', 'Minuto': 81, 'Rigore': False, 'Autogol': False}]"
9,Salernitana,Cagliari,2-2,"[{'Giocatore': 'Luvumbo', 'Minuto': 79, 'Rigore': False, 'Autogol': False}, {'Giocatore': 'Luvumbo', 'Minuto': 86, 'Rigore': False, 'Autogol': False}, {'Giocatore': 'Dia', 'Minuto': 95, 'Rigore': True, 'Autogol': False}]","[{'Giocatore': 'Viola', 'Minuto': 88, 'Rigore': False, 'Autogol': False}]"
9,Atalanta,Genoa,2-0,"[{'Giocatore': 'Lookman', 'Minuto': 68, 'Rigore': False, 'Autogol': False}, {'Giocatore': 'Ederson', 'Minuto': 95, 'Rigore': False, 'Autogol': False}]","[]"
9,Udinese,Lecce,1-1,"[{'Giocatore': 'Pérez', 'Minuto': 49, 'Rigore': False, 'Autogol': False}]","[{'Giocatore': 'Krstovic', 'Minuto': 83, 'Rigore': True, 'Autogol': False}]"
9,Sassuolo,Lazio,0-2,"[]","[{'Giocatore': 'Felipe Anderson', 'Minuto': 28, 'Rigore': False, 'Autogol': False}, {'Giocatore': 'Luis Alberto', 'Minuto': 35, 'Rigore': False, 'Autogol': False}]"
9,Verona,Napoli,1-3,"[{'Giocatore': 'Lazović', 'Minuto': 60, 'Rigore': False, 'Autogol': False}]","[{'Giocatore': 'Politano', 'Minuto': 27, 'Rigore': False, 'Autogol': False}, {'Giocatore': 'Kvaratskhelia', 'Minuto': 43, 'Rigore': False, 'Autogol': False}, {'Giocatore': 'Kvaratskhelia', 'Minuto': 55, 'Rigore': False, 'Autogol': False}]"
10,Bologna,Verona,1-0,"[{'Giocatore': 'Fabbian', 'Minuto': 84, 'Rigore': False, 'Autogol': False}]","[]"
10,Sassuolo,Bologna,1-1,"[{'Giocatore': 'Berardi', 'Minuto': 3, 'Rigore': True, 'Autogol': False}]","[{'Giocatore': 'Zirkzee', 'Minuto': 44, 'Rigore': False, 'Autogol': False}]"
10,Lecce,Torino,0-1,"[]","[{'Giocatore': 'Buongiorno', 'Minuto': 41, 'Rigore': False, 'Autogol': False}]"
10,Monza,Udinese,1-1,"[{'Giocatore': 'Colpani', 'Minuto': 27, 'Rigore': False, 'Autogol': False}]","[{'Giocatore': 'Lucca', 'Minuto': 66, 'Rigore': False, 'Autogol': False}]"
10,Genoa,Salernitana,1-0,"[{'Giocatore': 'Gudmundsson', 'Minuto': 35, 'Rigore': False, 'Autogol': False}]","[]"
10,Empoli,Atalanta,0-3,"[]","[{'Giocatore': 'Scamacca', 'Minuto': 5, 'Rigore': False, 'Autogol': False}, {'Giocatore': 'Koopmeiners', 'Minuto': 29, 'Rigore': False, 'Autogol': False}, {'Giocatore': 'Scamacca', 'Minuto': 51, 'Rigore': False, 'Autogol': False}]"
10,Juventus,Verona,1-0,"[{'Giocatore': 'Cambiaso', 'Minuto': 97, 'Rigore': False, 'Autogol': False}]","[]"
10,Lazio,Fiorentina,1-0,"[{'Giocatore': 'Immobile', 'Minuto': 95, 'Rigore': True, 'Autogol': False}]","[]"
10,Napoli,Milan,2-2,"[{'Giocatore': 'Politano', 'Minuto': 50, 'Rigore': False, 'Autogol': False}, {'Giocatore': 'Raspadori', 'Minuto': 63, 'Rigore': False, 'Autogol': False}]","[{'Giocatore': 'Giroud', 'Minuto': 22, 'Rigore': False, 'Autogol': False}, {'Giocatore': 'Giroud', 'Minuto': 31, 'Rigore': False, 'Autogol': False}]"
10,Inter,Roma,1-0,"[{'Giocatore': 'Thuram', 'Minuto': 81, 'Rigore': False, 'Autogol': False}]","[]"
11,Bologna,Lazio,1-0,"[{'Giocatore': 'Ferguson', 'Minuto': 45, 'Rigore': False, 'Autogol': False}]","[]"
11,Salernitana,Napoli,0-2,"[]","[{'Giocatore': 'Raspadori', 'Minuto': 13, 'Rigore': False, 'Autogol': False}, {'Giocatore': 'Elmas', 'Minuto': 82, 'Rigore': False, 'Autogol': False}]"
11,Atalanta,Inter,1-2,"[{'Giocatore': 'Scamacca', 'Minuto': 61, 'Rigore': False, 'Autogol': False}]","[{'Giocatore': 'Calhanoglu', 'Minuto': 40, 'Rigore': True, 'Autogol': False}, {'Giocatore': 'Lautaro Martinez', 'Minuto': 57, 'Rigore': False, 'Autogol': False}]"
11,Milan,Udinese,0-1,"[]","[{'Giocatore': 'Pereyra', 'Minuto': 62, 'Rigore': True, 'Autogol': False}]"
11,Verona,Monza,1-3,"[{'Giocatore': 'Djuric', 'Minuto': 92, 'Rigore': False, 'Autogol': False}]","[{'Giocatore': 'Colombo', 'Minuto': 41, 'Rigore': False, 'Autogol': False}, {'Giocatore': 'Caldirola', 'Minuto': 73, 'Rigore': False, 'Autogol': False}, {'Giocatore': 'Colpani', 'Minuto': 83, 'Rigore': False, 'Autogol': False}]"
11,Frosinone,Empoli,2-1,"[{'Giocatore': 'Cuni', 'Minuto': 58, 'Rigore': False, 'Autogol': False}, {'Giocatore': 'Mazzitelli', 'Minuto': 75, 'Rigore': False, 'Autogol': False}]","[{'Giocatore': 'Cancellieri', 'Minuto': 18, 'Rigore': False, 'Autogol': False}]"
11,Torino,Sassuolo,2-1,"[{'Giocatore': 'Sanabria', 'Minuto': 6, 'Rigore': False, 'Autogol': False}, {'Giocatore': 'Vlasic', 'Minuto': 68, 'Rigore': False, 'Autogol': False}]","[{'Giocatore': 'Thorstvedt', 'Minuto': 25, 'Rigore': False, 'Autogol': False}]"
11,Roma,Lecce,2-1,"[{'Giocatore': 'Azmoun', 'Minuto': 91, 'Rigore': False, 'Autogol': False}, {'Giocatore': 'Lukaku', 'Minuto': 94, 'Rigore': False, 'Autogol': False}]","[{'Giocatore': 'Almqvist', 'Minuto': 71, 'Rigore': False, 'Autogol': False}]"
11,Fiorentina,Juventus,0-1,"[]","[{'Giocatore': 'Miretti', 'Minuto': 10, 'Rigore': False, 'Autogol': False}]"
11,Cagliari,Genoa,2-1,"[{'Giocatore': 'Viola', 'Minuto': 48, 'Rigore': True, 'Autogol': False}, {'Giocatore': 'Zappa', 'Minuto': 69, 'Rigore': False, 'Autogol': False}]","[{'Giocatore': 'Gudmundsson', 'Minuto': 51, 'Rigore': False, 'Autogol': False}]"
12,Sassuolo,Salernitana,2-2,"[{'Giocatore': 'Pinamonti', 'Minuto': 3, 'Rigore': False, 'Autogol': False}, {'Giocatore': 'Thorstvedt', 'Minuto': 66, 'Rigore': False, 'Autogol': False}]","[{'Giocatore': 'Ikwuemesi', 'Minuto': 52, 'Rigore': False, 'Autogol': False}, {'Giocatore': 'Dia', 'Minuto': 91, 'Rigore': False, 'Autogol': False}]"
12,Genoa,Verona,1-0,"[{'Giocatore': 'Dragusin', 'Minuto': 44, 'Rigore': False, 'Autogol': False}]",[]
12,Lecce,Milan,2-2,"[{'Giocatore': 'Sansone', 'Minuto': 66, 'Rigore': False, 'Autogol': False}, {'Giocatore': 'Banda', 'Minuto': 70, 'Rigore': False, 'Autogol': False}]","[{'Giocatore': 'Giroud', 'Minuto': 28, 'Rigore': False, 'Autogol': False}, {'Giocatore': 'Reijnders', 'Minuto': 35, 'Rigore': False, 'Autogol': False}]"
12,Juventus,Cagliari,2-1,"[{'Giocatore': 'Bremer', 'Minuto': 60, 'Rigore': False, 'Autogol': False}, {'Giocatore': 'Rugani', 'Minuto': 70, 'Rigore': False, 'Autogol': False}]","[{'Giocatore': 'Dossena', 'Minuto': 75, 'Rigore': False, 'Autogol': False}]"
12,Monza,Torino,1-1,"[{'Giocatore': 'Colpani', 'Minuto': 50, 'Rigore': False, 'Autogol': False}]","[{'Giocatore': 'Ilic', 'Minuto': 55, 'Rigore': False, 'Autogol': False}]"
12,Napoli,Empoli,0-1,[],"[{'Giocatore': 'Kovalenko', 'Minuto': 91, 'Rigore': False, 'Autogol': False}]"
12,Fiorentina,Bologna,2-1,"[{'Giocatore': 'Bonaventura', 'Minuto': 17, 'Rigore': False, 'Autogol': False}, {'Giocatore': 'Nico González', 'Minuto': 78, 'Rigore': True, 'Autogol': False}]","[{'Giocatore': 'Zirkzee', 'Minuto': 25, 'Rigore': False, 'Autogol': False}]"
12,Udinese,Atalanta,1-1,"[{'Giocatore': 'Walace', 'Minuto': 24, 'Rigore': False, 'Autogol': False}]","[{'Giocatore': 'Ederson', 'Minuto': 46, 'Rigore': False, 'Autogol': False}]"
12,Lazio,Roma,0-0,[],[]
12,Inter,Frosinone,2-0,"[{'Giocatore': 'Dimarco', 'Minuto': 43, 'Rigore': False, 'Autogol': False}, {'Giocatore': 'Çalhanoğlu', 'Minuto': 48, 'Rigore': True, 'Autogol': False}]",[]
13,Verona,Lecce,2-2,"[{'Giocatore': 'Ngonge', 'Minuto': 41, 'Rigore': False, 'Autogol': False}, {'Giocatore': 'Djuric', 'Minuto': 77, 'Rigore': False, 'Autogol': False}]","[{'Giocatore': 'Oudin', 'Minuto': 30, 'Rigore': False, 'Autogol': False}, {'Giocatore': 'González', 'Minuto': 69, 'Rigore': False, 'Autogol': False}]"
13,Bologna,Torino,2-0,"[{'Giocatore': 'Fabbian', 'Minuto': 56, 'Rigore': False, 'Autogol': False}, {'Giocatore': 'Zirkzee', 'Minuto': 91, 'Rigore': False, 'Autogol': False}]",[]
13,Salernitana,Lazio,2-1,"[{'Giocatore': 'Kastanos', 'Minuto': 55, 'Rigore': False, 'Autogol': False}, {'Giocatore': 'Candreva', 'Minuto': 66, 'Rigore': False, 'Autogol': False}]","[{'Giocatore': 'Immobile', 'Minuto': 43, 'Rigore': True, 'Autogol': False}]"
13,Atalanta,Napoli,1-2,"[{'Giocatore': 'Lookman', 'Minuto': 53, 'Rigore': False, 'Autogol': False}]","[{'Giocatore': 'Kvaratskhelia', 'Minuto': 44, 'Rigore': False, 'Autogol': False}, {'Giocatore': 'Elmas', 'Minuto': 79, 'Rigore': False, 'Autogol': False}]"
13,Milan,Fiorentina,1-0,"[{'Giocatore': 'Theo Hernández', 'Minuto': 45, 'Rigore': True, 'Autogol': False}]",[]
13,Cagliari,Monza,1-1,"[{'Giocatore': 'Dossena', 'Minuto': 10, 'Rigore': False, 'Autogol': False}]","[{'Giocatore': 'Marić', 'Minuto': 61, 'Rigore': False, 'Autogol': False}]"
13,Empoli,Sassuolo,3-4,"[{'Giocatore': 'Caputo', 'Minuto': 4, 'Rigore': False, 'Autogol': False}, {'Giocatore': 'Fazzini', 'Minuto': 30, 'Rigore': False, 'Autogol': False}, {'Giocatore': 'Viña', 'Minuto': 86, 'Rigore': False, 'Autogol': True}]","[{'Giocatore': 'Pinamonti', 'Minuto': 12, 'Rigore': False, 'Autogol': False}, {'Giocatore': 'Matheus Henrique', 'Minuto': 22, 'Rigore': False, 'Autogol': False}, {'Giocatore': 'Berardi', 'Minuto': 66, 'Rigore': True, 'Autogol': False}, {'Giocatore': 'Fazzini', 'Minuto': 30, 'Rigore': False, 'Autogol': True}]"
13,Frosinone,Genoa,2-1,"[{'Giocatore': 'Soulé', 'Minuto': 34, 'Rigore': False, 'Autogol': False}, {'Giocatore': 'Monterisi', 'Minuto': 94, 'Rigore': False, 'Autogol': False}]","[{'Giocatore': 'Malinovskyi', 'Minuto': 38, 'Rigore': False, 'Autogol': False}]"
13,Roma,Udinese,3-1,"[{'Giocatore': 'Mancini', 'Minuto': 20, 'Rigore': False, 'Autogol': False}, {'Giocatore': 'Dybala', 'Minuto': 81, 'Rigore': False, 'Autogol': False}, {'Giocatore': 'El Shaarawy', 'Minuto': 90, 'Rigore': False, 'Autogol': False}]","[{'Giocatore': 'Thauvin', 'Minuto': 57, 'Rigore': False, 'Autogol': False}]"
13,Juventus,Inter,1-1,"[{'Giocatore': 'Vlahović', 'Minuto': 27, 'Rigore': False, 'Autogol': False}]","[{'Giocatore': 'Lautaro Martinez', 'Minuto': 33, 'Rigore': False, 'Autogol': False}]"
14,Torino,Atalanta,3-0,"[{'Giocatore': 'Zapata', 'Minuto': 22, 'Rigore': False, 'Autogol': False}, {'Giocatore': 'Sanabria', 'Minuto': 56, 'Rigore': True, 'Autogol': False}, {'Giocatore': 'Zapata', 'Minuto': 95, 'Rigore': False, 'Autogol': False}]",[]
14,Monza,Juventus,1-2,"[{'Giocatore': 'V. Carboni', 'Minuto': 92, 'Rigore': False, 'Autogol': False}]","[{'Giocatore': 'Rabiot', 'Minuto': 12, 'Rigore': False, 'Autogol': False}, {'Giocatore': 'Gatti', 'Minuto': 94, 'Rigore': False, 'Autogol': False}]"
14,Genoa,Empoli,1-1,"[{'Giocatore': 'Malinovskyi', 'Minuto': 37, 'Rigore': False, 'Autogol': False}]","[{'Giocatore': 'Cancellieri', 'Minuto': 67, 'Rigore': False, 'Autogol': False}]"
14,Lazio,Cagliari,1-0,"[{'Giocatore': 'Pedro', 'Minuto': 8, 'Rigore': False, 'Autogol': False}]",[]
14,Milan,Frosinone,3-1,"[{'Giocatore': 'Jović', 'Minuto': 43, 'Rigore': False, 'Autogol': False}, {'Giocatore': 'Pulišić', 'Minuto': 50, 'Rigore': False, 'Autogol': False}, {'Giocatore': 'Tomori', 'Minuto': 74, 'Rigore': False, 'Autogol': False}]","[{'Giocatore': 'Brescianini', 'Minuto': 82, 'Rigore': False, 'Autogol': False}]"
14,Lecce,Bologna,1-1,[],"[{'Giocatore': 'Piccoli', 'Minuto': 100, 'Rigore': False, 'Autogol': False}]"
14,Fiorentina,Salernitana,3-0,"[{'Giocatore': 'Beltrán', 'Minuto': 6, 'Rigore': False, 'Autogol': False}, {'Giocatore': 'Sottil', 'Minuto': 17, 'Rigore': False, 'Autogol': False}, {'Giocatore': 'Bonaventura', 'Minuto': 56, 'Rigore': False, 'Autogol': False}]",[]
14,Udinese,Verona,3-3,"[{'Giocatore': 'Kabasele', 'Minuto': 16, 'Rigore': False, 'Autogol': False}, {'Giocatore': 'Lucca', 'Minuto': 72, 'Rigore': True, 'Autogol': False}]","[{'Giocatore': 'Djuric', 'Minuto': 37, 'Rigore': False, 'Autogol': False}, {'Giocatore': 'Ngonge', 'Minuto': 61, 'Rigore': False, 'Autogol': True}, {'Giocatore': 'Henry', 'Minuto': 97, 'Rigore': False, 'Autogol': False}]"
14,Sassuolo,Roma,1-2,"[{'Giocatore': 'Matheus Henrique', 'Minuto': 25, 'Rigore': False, 'Autogol': False}]","[{'Giocatore': 'Dybala', 'Minuto': 76, 'Rigore': True, 'Autogol': False}, {'Giocatore': 'R. Kristensen', 'Minuto': 82, 'Rigore': False, 'Autogol': False}]"
14,Napoli,Inter,0-3,[],"[{'Giocatore': 'Çalhanoğlu', 'Minuto': 44, 'Rigore': False, 'Autogol': False}, {'Giocatore': 'Barella', 'Minuto': 61, 'Rigore': False, 'Autogol': False}, {'Giocatore': 'Thuram', 'Minuto': 85, 'Rigore': False, 'Autogol': False}]"
15,Empoli,Lecce,1-1,"[{'Giocatore': 'Banda', 'Minuto': 64, 'Rigore': False, 'Autogol': False}]","[{'Giocatore': 'Rafia', 'Minuto': 71, 'Rigore': False, 'Autogol': True}]"
15,Cagliari,Sassuolo,2-1,"[{'Giocatore': 'Lapadula', 'Minuto': 94, 'Rigore': False, 'Autogol': False}, {'Giocatore': 'Pavoletti', 'Minuto': 99, 'Rigore': False, 'Autogol': False}]","[{'Giocatore': 'Erlić', 'Minuto': 7, 'Rigore': False, 'Autogol': False}]"
15,Juventus,Napoli,1-0,"[{'Giocatore': 'Gatti', 'Minuto': 51, 'Rigore': False, 'Autogol': False}]","[]"
15,Verona,Lazio,1-1,"[{'Giocatore': 'Henry', 'Minuto': 70, 'Rigore': False, 'Autogol': False}]","[{'Giocatore': 'Zaccagni', 'Minuto': 23, 'Rigore': False, 'Autogol': False}]"
15,Atalanta,Milan,3-2,"[{'Giocatore': 'Lookman', 'Minuto': 38, 'Rigore': False, 'Autogol': False}, {'Giocatore': 'Lookman', 'Minuto': 55, 'Rigore': False, 'Autogol': False}, {'Giocatore': 'Muriel', 'Minuto': 95, 'Rigore': False, 'Autogol': False}]","[{'Giocatore': 'Giroud', 'Minuto': 48, 'Rigore': False, 'Autogol': False}, {'Giocatore': 'Jović', 'Minuto': 80, 'Rigore': False, 'Autogol': False}]"
15,Inter,Udinese,4-0,"[{'Giocatore': 'Çalhanoğlu', 'Minuto': 37, 'Rigore': True, 'Autogol': False}, {'Giocatore': 'Dimarco', 'Minuto': 42, 'Rigore': False, 'Autogol': False}, {'Giocatore': 'Thuram', 'Minuto': 44, 'Rigore': False, 'Autogol': False}, {'Giocatore': 'Lautaro Martínez', 'Minuto': 84, 'Rigore': False, 'Autogol': False}]","[]"
15,Frosinone,Torino,0-0,"[]","[]"
15,Monza,Genoa,1-0,"[{'Giocatore': 'Dany Mota', 'Minuto': 83, 'Rigore': False, 'Autogol': False}]","[]"
15,Salernitana,Bologna,1-2,"[{'Giocatore': 'Simy', 'Minuto': 75, 'Rigore': False, 'Autogol': False}]","[{'Giocatore': 'Zirkzee', 'Minuto': 9, 'Rigore': False, 'Autogol': False}, {'Giocatore': 'Zirkzee', 'Minuto': 20, 'Rigore': False, 'Autogol': False}]"
15,Roma,Fiorentina,1-1,"[{'Giocatore': 'Lukaku', 'Minuto': 5, 'Rigore': False, 'Autogol': False}]","[{'Giocatore': 'Martínez Quarta', 'Minuto': 66, 'Rigore': False, 'Autogol': False}]"
16,Atalanta,Salernitana,4-1,"[{'Giocatore': 'Pirola', 'Minuto': 10, 'Rigore': False, 'Autogol': True}, {'Giocatore': 'Muriel', 'Minuto': 47, 'Rigore': False, 'Autogol': False}, {'Giocatore': 'Pašalić', 'Minuto': 52, 'Rigore': False, 'Autogol': False}, {'Giocatore': 'De Ketelaere', 'Minuto': 83, 'Rigore': False, 'Autogol': False}, {'Giocatore': 'Miranchuk', 'Minuto': 89, 'Rigore': False, 'Autogol': False}]","[]"
16,Genoa,Juventus,1-1,"[{'Giocatore': 'Guðmundsson', 'Minuto': 48, 'Rigore': False, 'Autogol': False}]","[{'Giocatore': 'Chiesa', 'Minuto': 28, 'Rigore': True, 'Autogol': False}]"
16,Lecce,Frosinone,2-1,"[{'Giocatore': 'Piccoli', 'Minuto': 11, 'Rigore': False, 'Autogol': False}, {'Giocatore': 'Ramadani', 'Minuto': 89, 'Rigore': False, 'Autogol': False}]","[{'Giocatore': 'Kaio Jorge', 'Minuto': 33, 'Rigore': False, 'Autogol': False}]"
16,Napoli,Cagliari,2-1,"[{'Giocatore': 'Osimhen', 'Minuto': 69, 'Rigore': False, 'Autogol': False}, {'Giocatore': 'Kvaratskhelia', 'Minuto': 75, 'Rigore': False, 'Autogol': False}]","[{'Giocatore': 'Pavoletti', 'Minuto': 72, 'Rigore': False, 'Autogol': False}]"
16,Torino,Empoli,1-0,"[{'Giocatore': 'Zapata', 'Minuto': 25, 'Rigore': False, 'Autogol': False}]","[]"
16,Milan,Monza,3-0,"[{'Giocatore': 'Reijnders', 'Minuto': 3, 'Rigore': False, 'Autogol': False}, {'Giocatore': 'Simić', 'Minuto': 41, 'Rigore': False, 'Autogol': False}, {'Giocatore': 'Okafor', 'Minuto': 76, 'Rigore': False, 'Autogol': False}]","[]"
16,Fiorentina,Verona,1-0,"[{'Giocatore': 'Beltrán', 'Minuto': 78, 'Rigore': False, 'Autogol': False}]","[]"
16,Udinese,Sassuolo,2-2,"[{'Giocatore': 'Lucca', 'Minuto': 36, 'Rigore': False, 'Autogol': False}, {'Giocatore': 'Pereyra', 'Minuto': 55, 'Rigore': False, 'Autogol': False}]","[{'Giocatore': 'Berardi', 'Minuto': 88, 'Rigore': True, 'Autogol': False}, {'Giocatore': 'R. Kristensen', 'Minuto': 75, 'Rigore': False, 'Autogol': True}]"
16,Bologna,Roma,2-0,"[{'Giocatore': 'Moro', 'Minuto': 37, 'Rigore': False, 'Autogol': False}]","[{'Giocatore': 'R. Kristensen', 'Minuto': 49, 'Rigore': False, 'Autogol': True}]"
16,Lazio,Inter,0-2,"[]","[{'Giocatore': 'Lautaro Martínez', 'Minuto': 40, 'Rigore': False, 'Autogol': False}, {'Giocatore': 'Thuram', 'Minuto': 66, 'Rigore': False, 'Autogol': False}]"
17,Frosinone,Juventus,1-2,"[{'Giocatore': 'Báez', 'Minuto': 51, 'Rigore': False, 'Autogol': False}]","[{'Giocatore': 'Yıldız', 'Minuto': 12, 'Rigore': False, 'Autogol': False}, {'Giocatore': 'Vlahović', 'Minuto': 81, 'Rigore': False, 'Autogol': False}]"
17,Bologna,Atalanta,1-0,"[{'Giocatore': 'Ferguson', 'Minuto': 86, 'Rigore': False, 'Autogol': False}]","[]"
17,Torino,Udinese,1-1,"[{'Giocatore': 'Ilić', 'Minuto': 88, 'Rigore': False, 'Autogol': False}]","[{'Giocatore': 'Zarraga', 'Minuto': 81, 'Rigore': False, 'Autogol': False}]"
17,Inter,Lecce,2-0,"[{'Giocatore': 'Bisseck', 'Minuto': 43, 'Rigore': False, 'Autogol': False}, {'Giocatore': 'Barella', 'Minuto': 78, 'Rigore': False, 'Autogol': False}]","[]"
17,Verona,Cagliari,2-0,"[{'Giocatore': 'Ngonge', 'Minuto': 53, 'Rigore': False, 'Autogol': False}, {'Giocatore': 'Djuric', 'Minuto': 90, 'Rigore': False, 'Autogol': False}]","[]"
17,Roma,Napoli,2-0,"[{'Giocatore': 'Lo. Pellegrini', 'Minuto': 76, 'Rigore': False, 'Autogol': False}, {'Giocatore': 'Lukaku', 'Minuto': 96, 'Rigore': False, 'Autogol': False}]","[]"
17,Empoli,Lazio,0-2,"[]","[{'Giocatore': 'Guendouzi', 'Minuto': 9, 'Rigore': False, 'Autogol': False}, {'Giocatore': 'Zaccagni', 'Minuto': 67, 'Rigore': False, 'Autogol': False}]"
17,Sassuolo,Genoa,1-2,"[{'Giocatore': 'Pinamonti', 'Minuto': 28, 'Rigore': False, 'Autogol': False}]","[{'Giocatore': 'Guðmundsson', 'Minuto': 64, 'Rigore': True, 'Autogol': False}, {'Giocatore': 'Ekuban', 'Minuto': 87, 'Rigore': False, 'Autogol': False}]"
17,Monza,Fiorentina,0-1,"[]","[{'Giocatore': 'Beltrán', 'Minuto': 7, 'Rigore': False, 'Autogol': False}]"
17,Salernitana,Milan,2-2,"[{'Giocatore': 'Fazio', 'Minuto': 42, 'Rigore': False, 'Autogol': False}, {'Giocatore': 'Candreva', 'Minuto': 63, 'Rigore': False, 'Autogol': False}]","[{'Giocatore': 'Tomori', 'Minuto': 17, 'Rigore': False, 'Autogol': False}, {'Giocatore': 'Jović', 'Minuto': 90, 'Rigore': False, 'Autogol': False}]"
18,Atalanta,Lecce,1-0,"[{'Giocatore': 'Lookman', 'Minuto': 58, 'Rigore': False, 'Autogol': False}]","[]"
18,Cagliari,Empoli,0-0,"[]","[]"
18,Udinese,Bologna,3-0,"[{'Giocatore': 'Pereyra', 'Minuto': 23, 'Rigore': False, 'Autogol': False}, {'Giocatore': 'Lucca', 'Minuto': 48, 'Rigore': False, 'Autogol': False}, {'Giocatore': 'Payero', 'Minuto': 52, 'Rigore': False, 'Autogol': False}]","[]"
18,Milan,Sassuolo,1-0,"[{'Giocatore': 'Pulišić', 'Minuto': 59, 'Rigore': False, 'Autogol': False}]","[]"
18,Verona,Salernitana,0-1,"[]","[{'Giocatore': 'Tchaouna', 'Minuto': 48, 'Rigore': False, 'Autogol': False}]"
18,Juventus,Roma,1-0,"[{'Giocatore': 'Rabiot', 'Minuto': 47, 'Rigore': False, 'Autogol': False}]","[]"
18,Fiorentina,Torino,1-0,"[{'Giocatore': 'L. Ranieri', 'Minuto': 83, 'Rigore': False, 'Autogol': False}]","[]"
18,Napoli,Monza,0-0,"[]","[]"
18,Genoa,Inter,1-1,"[{'Giocatore': 'Drăgușin', 'Minuto': 52, 'Rigore': False, 'Autogol': False}]","[{'Giocatore': 'Arnautović', 'Minuto': 42, 'Rigore': False, 'Autogol': False}]"
18,Lazio,Frosinone,3-1,"[{'Giocatore': 'Castellanos', 'Minuto': 70, 'Rigore': False, 'Autogol': False}, {'Giocatore': 'Isaksen', 'Minuto': 72, 'Rigore': False, 'Autogol': False}, {'Giocatore': 'Patric', 'Minuto': 84, 'Rigore': False, 'Autogol': False}]","[{'Giocatore': 'Soulé', 'Minuto': 58, 'Rigore': True, 'Autogol': False}]"
19,Empoli,Milan,0-3,"[]","[{'Giocatore': 'Loftus-Cheek', 'Minuto': 11, 'Rigore': False, 'Autogol': False}, {'Giocatore': 'Giroud', 'Minuto': 31, 'Rigore': True, 'Autogol': False}, {'Giocatore': 'Traoré', 'Minuto': 88, 'Rigore': False, 'Autogol': False}]"
19,Torino,Napoli,3-0,"[{'Giocatore': 'Sanabria', 'Minuto': 43, 'Rigore': False, 'Autogol': False}, {'Giocatore': 'Vlašić', 'Minuto': 52, 'Rigore': False, 'Autogol': False}, {'Giocatore': 'Buongiorno', 'Minuto': 66, 'Rigore': False, 'Autogol': False}]","[]"
19,Udinese,Lazio,1-2,"[{'Giocatore': 'Walace', 'Minuto': 59, 'Rigore': False, 'Autogol': False}]","[{'Giocatore': 'Lu. Pellegrini', 'Minuto': 12, 'Rigore': False, 'Autogol': False}, {'Giocatore': 'Vecino', 'Minuto': 76, 'Rigore': False, 'Autogol': False}]"
19,Salernitana,Juventus,1-2,"[{'Giocatore': 'Maggiore', 'Minuto': 39, 'Rigore': False, 'Autogol': False}]","[{'Giocatore': 'Iling-Junior', 'Minuto': 65, 'Rigore': False, 'Autogol': False}, {'Giocatore': 'Vlahović', 'Minuto': 91, 'Rigore': False, 'Autogol': False}]"
19,Roma,Atalanta,1-1,"[{'Giocatore': 'Dybala', 'Minuto': 39, 'Rigore': True, 'Autogol': False}]","[{'Giocatore': 'Koopmeiners', 'Minuto': 8, 'Rigore': False, 'Autogol': False}]"
19,Bologna,Genoa,1-1,"[{'Giocatore': 'De Silvestri', 'Minuto': 95, 'Rigore': False, 'Autogol': False}]","[{'Giocatore': 'Guðmundsson', 'Minuto': 20, 'Rigore': False, 'Autogol': False}]"
19,Inter,Verona,2-1,"[{'Giocatore': 'Lautaro Martínez', 'Minuto': 13, 'Rigore': False, 'Autogol': False}, {'Giocatore': 'Frattesi', 'Minuto': 93, 'Rigore': False, 'Autogol': False}]","[{'Giocatore': 'Henry', 'Minuto': 74, 'Rigore': False, 'Autogol': False}]"
19,Frosinone,Monza,2-3,"[{'Giocatore': 'Soulé', 'Minuto': 76, 'Rigore': True, 'Autogol': False}]","[{'Giocatore': 'Dany Mota', 'Minuto': 18, 'Rigore': False, 'Autogol': False}, {'Giocatore': 'V. Carboni', 'Minuto': 45, 'Rigore': False, 'Autogol': False}, {'Giocatore': 'Soulé', 'Minuto': 55, 'Rigore': False, 'Autogol': True}, {'Giocatore': 'Harroui', 'Minuto': 56, 'Rigore': False, 'Autogol': False}]"
19,Lecce,Cagliari,1-1,"[{'Giocatore': 'Gendrey', 'Minuto': 31, 'Rigore': False, 'Autogol': False}]","[{'Giocatore': 'Oristanio', 'Minuto': 68, 'Rigore': False, 'Autogol': False}]"
19,Sassuolo,Fiorentina,1-0,"[{'Giocatore': 'Pinamonti', 'Minuto': 9, 'Rigore': False, 'Autogol': False}]","[]"
20,Juventus,Sassuolo,3-0,"[{'Giocatore': 'Vlahović', 'Minuto': 15, 'Rigore': False, 'Autogol': False}, {'Giocatore': 'Vlahović', 'Minuto': 37, 'Rigore': False, 'Autogol': False}, {'Giocatore': 'Chiesa', 'Minuto': 89, 'Rigore': False, 'Autogol': False}]","[]"
20,Genoa,Torino,0-0,"[]","[]"
20,Napoli,Salernitana,2-1,"[{'Giocatore': 'Politano', 'Minuto': 49, 'Rigore': True, 'Autogol': False}, {'Giocatore': 'Rrahmani', 'Minuto': 96, 'Rigore': False, 'Autogol': False}]","[{'Giocatore': 'Candreva', 'Minuto': 29, 'Rigore': False, 'Autogol': False}]"
20,Verona,Empoli,2-1,"[{'Giocatore': 'Djuric', 'Minuto': 3, 'Rigore': False, 'Autogol': False}, {'Giocatore': 'Ngonge', 'Minuto': 56, 'Rigore': False, 'Autogol': False}]","[{'Giocatore': 'Żurkowski', 'Minuto': 64, 'Rigore': False, 'Autogol': False}]"
20,Monza,Inter,1-5,"[{'Giocatore': 'Pessina', 'Minuto': 69, 'Rigore': True, 'Autogol': False}]","[{'Giocatore': 'Çalhanoğlu', 'Minuto': 12, 'Rigore': True, 'Autogol': False}, {'Giocatore': 'Lautaro Martínez', 'Minuto': 14, 'Rigore': False, 'Autogol': False}, {'Giocatore': 'Lautaro Martínez', 'Minuto': 84, 'Rigore': False, 'Autogol': False}, {'Giocatore': 'Thuram', 'Minuto': 88, 'Rigore': False, 'Autogol': False}]"
20,Lazio,Lecce,1-0,"[{'Giocatore': 'Felipe Anderson', 'Minuto': 58, 'Rigore': False, 'Autogol': False}]","[]"
20,Cagliari,Bologna,2-1,"[{'Giocatore': 'Petagna', 'Minuto': 31, 'Rigore': False, 'Autogol': False}, {'Giocatore': 'Calafiori', 'Minuto': 69, 'Rigore': False, 'Autogol': True}]","[{'Giocatore': 'Orsolini', 'Minuto': 24, 'Rigore': False, 'Autogol': False}]"
20,Fiorentina,Udinese,2-2,"[{'Giocatore': 'Beltrán', 'Minuto': 55, 'Rigore': False, 'Autogol': False}, {'Giocatore': 'Nzola', 'Minuto': 87, 'Rigore': True, 'Autogol': False}]","[{'Giocatore': 'Lovrić', 'Minuto': 10, 'Rigore': False, 'Autogol': False}, {'Giocatore': 'Thauvin', 'Minuto': 73, 'Rigore': False, 'Autogol': False}]"
20,Milan,Roma,3-1,"[{'Giocatore': 'Adli', 'Minuto': 11, 'Rigore': False, 'Autogol': False}, {'Giocatore': 'Giroud', 'Minuto': 56, 'Rigore': False, 'Autogol': False}, {'Giocatore': 'Theo Hernández', 'Minuto': 84, 'Rigore': False, 'Autogol': False}]","[{'Giocatore': 'Paredes', 'Minuto': 69, 'Rigore': True, 'Autogol': False}]"
20,Atalanta,Frosinone,5-0,"[{'Giocatore': 'Koopmeiners', 'Minuto': 8, 'Rigore': True, 'Autogol': False}, {'Giocatore': 'Éderson', 'Minuto': 13, 'Rigore': False, 'Autogol': False}, {'Giocatore': 'De Ketelaere', 'Minuto': 14, 'Rigore': False, 'Autogol': False}, {'Giocatore': 'Zappacosta', 'Minuto': 83, 'Rigore': False, 'Autogol': False}, {'Giocatore': 'Holm', 'Minuto': 90, 'Rigore': False, 'Autogol': False}]","[]"
21,Bologna,Fiorentina,2-0,"[{'Giocatore': 'Orsolini', 'Minuto': 12, 'Rigore': False, 'Autogol': False}, {'Giocatore': 'Odgaard', 'Minuto': 95, 'Rigore': False, 'Autogol': False}]","[]"
21,Torino,Lazio,0-2,"[]","[{'Giocatore': 'Guendouzi', 'Minuto': 50, 'Rigore': False, 'Autogol': False}, {'Giocatore': 'Cataldi', 'Minuto': 56, 'Rigore': False, 'Autogol': False}]"
21,Sassuolo,Napoli,1-6,"[{'Giocatore': 'Racic', 'Minuto': 17, 'Rigore': False, 'Autogol': False}]","[{'Giocatore': 'Rrahmani', 'Minuto': 29, 'Rigore': False, 'Autogol': False}, {'Giocatore': 'Osimhen', 'Minuto': 31, 'Rigore': False, 'Autogol': False}, {'Giocatore': 'Osimhen', 'Minuto': 41, 'Rigore': False, 'Autogol': False}, {'Giocatore': 'Osimhen', 'Minuto': 47, 'Rigore': False, 'Autogol': False}, {'Giocatore': 'Kvaratskhelia', 'Minuto': 51, 'Rigore': False, 'Autogol': False}, {'Giocatore': 'Kvaratskhelia', 'Minuto': 75, 'Rigore': False, 'Autogol': False}]"
21,Inter,Atalanta,4-0,"[{'Giocatore': 'Darmian', 'Minuto': 26, 'Rigore': False, 'Autogol': False}, {'Giocatore': 'Lautaro Martínez', 'Minuto': 46, 'Rigore': False, 'Autogol': False}, {'Giocatore': 'Dimarco', 'Minuto': 54, 'Rigore': False, 'Autogol': False}, {'Giocatore': 'Frattesi', 'Minuto': 71, 'Rigore': False, 'Autogol': False}]","[]"
21,Frosinone,Cagliari,3-1,"[{'Giocatore': 'Sulemana', 'Minuto': 26, 'Rigore': False, 'Autogol': False}, {'Giocatore': 'Mazzitelli', 'Minuto': 64, 'Rigore': False, 'Autogol': False}, {'Giocatore': 'Soulé', 'Minuto': 75, 'Rigore': False, 'Autogol': False}]","[{'Giocatore': 'Kaio Jorge', 'Minuto': 96, 'Rigore': False, 'Autogol': False}]"
21,Empoli,Monza,3-0,"[{'Giocatore': 'Żurkowski', 'Minuto': 13, 'Rigore': False, 'Autogol': False}, {'Giocatore': 'Żurkowski', 'Minuto': 38, 'Rigore': False, 'Autogol': False}, {'Giocatore': 'Żurkowski', 'Minuto': 73, 'Rigore': False, 'Autogol': False}]","[]"
21,Salernitana,Genoa,1-2,"[{'Giocatore': 'Martegani', 'Minuto': 27, 'Rigore': False, 'Autogol': False}]","[{'Giocatore': 'Retegui', 'Minuto': 13, 'Rigore': False, 'Autogol': False}, {'Giocatore': 'Guðmundsson', 'Minuto': 58, 'Rigore': True, 'Autogol': False}]"
21,Lecce,Juventus,0-3,"[]","[{'Giocatore': 'Vlahović', 'Minuto': 59, 'Rigore': False, 'Autogol': False}, {'Giocatore': 'Vlahović', 'Minuto': 68, 'Rigore': False, 'Autogol': False}, {'Giocatore': 'Bremer', 'Minuto': 85, 'Rigore': False, 'Autogol': False}]"
21,Roma,Verona,2-1,"[{'Giocatore': 'Lukaku', 'Minuto': 19, 'Rigore': False, 'Autogol': False}, {'Giocatore': 'Lo. Pellegrini', 'Minuto': 25, 'Rigore': False, 'Autogol': False}]","[{'Giocatore': 'Folorunsho', 'Minuto': 76, 'Rigore': False, 'Autogol': False}]"
21,Udinese,Milan,2-3,"[{'Giocatore': 'Samardžić', 'Minuto': 42, 'Rigore': False, 'Autogol': False}, {'Giocatore': 'Thauvin', 'Minuto': 62, 'Rigore': False, 'Autogol': False}]","[{'Giocatore': 'Loftus-Cheek', 'Minuto': 31, 'Rigore': False, 'Autogol': False}, {'Giocatore': 'Jović', 'Minuto': 83, 'Rigore': False, 'Autogol': False}, {'Giocatore': 'Okafor', 'Minuto': 93, 'Rigore': False, 'Autogol': False}]"
22,Salernitana,Roma,1-2,"[{'Giocatore': 'Kastanos', 'Minuto': 70, 'Rigore': False, 'Autogol': False}]","[{'Giocatore': 'Dybala', 'Minuto': 51, 'Rigore': True, 'Autogol': False}, {'Giocatore': 'Lo. Pellegrini', 'Minuto': 66, 'Rigore': False, 'Autogol': False}]"
22,Cagliari,Torino,1-2,"[{'Giocatore': 'Viola', 'Minuto': 77, 'Rigore': False, 'Autogol': False}]","[{'Giocatore': 'Zapata', 'Minuto': 23, 'Rigore': False, 'Autogol': False}, {'Giocatore': 'Ricci', 'Minuto': 48, 'Rigore': False, 'Autogol': False}]"
22,Atalanta,Udinese,2-0,"[{'Giocatore': 'Miranchuk', 'Minuto': 33, 'Rigore': False, 'Autogol': False}, {'Giocatore': 'Scamacca', 'Minuto': 46, 'Rigore': False, 'Autogol': False}]","[]"
22,Juventus,Empoli,1-1,"[{'Giocatore': 'Vlahović', 'Minuto': 50, 'Rigore': False, 'Autogol': False}]","[{'Giocatore': 'Baldanzi', 'Minuto': 70, 'Rigore': False, 'Autogol': False}]"
22,Milan,Bologna,2-2,"[{'Giocatore': 'Loftus-Cheek', 'Minuto': 45, 'Rigore': False, 'Autogol': False}, {'Giocatore': 'Loftus-Cheek', 'Minuto': 83, 'Rigore': False, 'Autogol': False}]","[{'Giocatore': 'Zirkzee', 'Minuto': 29, 'Rigore': False, 'Autogol': False}, {'Giocatore': 'Orsolini', 'Minuto': 92, 'Rigore': True, 'Autogol': False}]"
22,Genoa,Lecce,2-1,"[{'Giocatore': 'Retegui', 'Minuto': 70, 'Rigore': False, 'Autogol': False}, {'Giocatore': 'Ekuban', 'Minuto': 76, 'Rigore': False, 'Autogol': False}]","[{'Giocatore': 'Krstović', 'Minuto': 31, 'Rigore': False, 'Autogol': True}]"
22,Monza,Sassuolo,1-0,"[{'Giocatore': 'Colpani', 'Minuto': 31, 'Rigore': False, 'Autogol': False}]","[]"
22,Verona,Frosinone,1-1,"[{'Giocatore': 'Suslov', 'Minuto': 48, 'Rigore': True, 'Autogol': False}]","[{'Giocatore': 'Kaio Jorge', 'Minuto': 58, 'Rigore': False, 'Autogol': False}]"
22,Lazio,Napoli,0-0,"[]","[]"
22,Fiorentina,Inter,0-1,"[]","[{'Giocatore': 'Lautaro Martínez', 'Minuto': 14, 'Rigore': False, 'Autogol': False}]"
23,Roma,Cagliari,4-0,"[{'Giocatore': 'Pellegrini', 'Minuto': 2, 'Rigore': False, 'Autogol': False}, {'Giocatore': 'Dybala', 'Minuto': 23, 'Rigore': False, 'Autogol': False}, {'Giocatore': 'Dybala', 'Minuto': 51, 'Rigore': False, 'Autogol': False}, {'Giocatore': 'Huijsen', 'Minuto': 59, 'Rigore': False, 'Autogol': False}]","[]"
23,Lecce,Fiorentina,3-2,"[{'Giocatore': 'Oudin', 'Minuto': 17, 'Rigore': False, 'Autogol': False}, {'Giocatore': 'Piccoli', 'Minuto': 90, 'Rigore': False, 'Autogol': False}, {'Giocatore': 'Dorgu', 'Minuto': 92, 'Rigore': False, 'Autogol': False}]","[{'Giocatore': 'Mandragora', 'Minuto': 50, 'Rigore': False, 'Autogol': False}, {'Giocatore': 'Beltrán', 'Minuto': 67, 'Rigore': False, 'Autogol': False}]"
23,Empoli,Genoa,0-0,"[]","[]"
23,Udinese,Monza,0-0,"[]","[]"
23,Frosinone,Milan,2-3,"[{'Giocatore': 'Soulé', 'Minuto': 24, 'Rigore': True, 'Autogol': False}, {'Giocatore': 'Mazzitelli', 'Minuto': 65, 'Rigore': False, 'Autogol': False}]","[{'Giocatore': 'Giroud', 'Minuto': 17, 'Rigore': False, 'Autogol': False}, {'Giocatore': 'Gabbia', 'Minuto': 72, 'Rigore': False, 'Autogol': False}, {'Giocatore': 'Jović', 'Minuto': 81, 'Rigore': False, 'Autogol': False}]"
23,Bologna,Sassuolo,4-2,"[{'Giocatore': 'Thorstvedt', 'Minuto': 13, 'Rigore': False, 'Autogol': False}, {'Giocatore': 'Viti', 'Minuto': 24, 'Rigore': False, 'Autogol': True}, {'Giocatore': 'Fabbian', 'Minuto': 73, 'Rigore': False, 'Autogol': False}, {'Giocatore': 'Ferguson', 'Minuto': 83, 'Rigore': False, 'Autogol': False}, {'Giocatore': 'Saelemaekers', 'Minuto': 86, 'Rigore': False, 'Autogol': False}]","[{'Giocatore': 'Volpato', 'Minuto': 34, 'Rigore': False, 'Autogol': False}]"
23,Torino,Salernitana,0-0,"[]","[]"
23,Napoli,Verona,2-1,"[{'Giocatore': 'Dawidowicz', 'Minuto': 79, 'Rigore': False, 'Autogol': True}, {'Giocatore': 'Kvaratskhelia', 'Minuto': 87, 'Rigore': False, 'Autogol': False}]","[{'Giocatore': 'Coppola', 'Minuto': 72, 'Rigore': False, 'Autogol': False}]"
23,Atalanta,Lazio,3-1,"[{'Giocatore': 'Pašalić', 'Minuto': 16, 'Rigore': False, 'Autogol': False}, {'Giocatore': 'Pašalić', 'Minuto': 43, 'Rigore': True, 'Autogol': False}, {'Giocatore': 'De Ketelaere', 'Minuto': 76, 'Rigore': False, 'Autogol': False}]","[{'Giocatore': 'Immobile', 'Minuto': 84, 'Rigore': True, 'Autogol': False}]"
23,Inter,Juventus,1-0,"[{'Giocatore': 'Gatti', 'Minuto': 37, 'Rigore': False, 'Autogol': True}]","[]"
24,Juventus,Udinese,0-1,"[]","[{'Giocatore': 'Giannetti', 'Minuto': 25, 'Rigore': False, 'Autogol': False}]"
24,Salernitana,Empoli,1-3,"[{'Giocatore': 'Zanoli', 'Minuto': 23, 'Rigore': False, 'Autogol': True}]","[{'Giocatore': 'Weissman', 'Minuto': 69, 'Rigore': False, 'Autogol': False}, {'Giocatore': 'Niang', 'Minuto': 88, 'Rigore': True, 'Autogol': False}, {'Giocatore': 'Cancellieri', 'Minuto': 94, 'Rigore': False, 'Autogol': False}]"
24,Cagliari,Lazio,1-3,"[{'Giocatore': 'Deiola', 'Minuto': 26, 'Rigore': False, 'Autogol': True}, {'Giocatore': 'Gaetano', 'Minuto': 51, 'Rigore': False, 'Autogol': False}]","[{'Giocatore': 'Immobile', 'Minuto': 49, 'Rigore': False, 'Autogol': False}, {'Giocatore': 'Felipe Anderson', 'Minuto': 65, 'Rigore': False, 'Autogol': False}]"
24,Roma,Inter,2-4,"[{'Giocatore': 'Mancini', 'Minuto': 28, 'Rigore': False, 'Autogol': False}, {'Giocatore': 'El Shaarawy', 'Minuto': 44, 'Rigore': False, 'Autogol': False}]","[{'Giocatore': 'Acerbi', 'Minuto': 17, 'Rigore': False, 'Autogol': False}, {'Giocatore': 'Thuram', 'Minuto': 49, 'Rigore': False, 'Autogol': False}, {'Giocatore': 'Angeliño', 'Minuto': 56, 'Rigore': False, 'Autogol': True}, {'Giocatore': 'A. Bastoni', 'Minuto': 93, 'Rigore': False, 'Autogol': False}]"
24,Sassuolo,Torino,1-1,"[{'Giocatore': 'Pinamonti', 'Minuto': 5, 'Rigore': False, 'Autogol': False}]","[{'Giocatore': 'Zapata', 'Minuto': 9, 'Rigore': False, 'Autogol': False}]"
24,Fiorentina,Frosinone,5-1,"[{'Giocatore': 'Belotti', 'Minuto': 16, 'Rigore': False, 'Autogol': False}, {'Giocatore': 'Ikoné', 'Minuto': 19, 'Rigore': False, 'Autogol': False}, {'Giocatore': 'Martínez Quarta', 'Minuto': 43, 'Rigore': False, 'Autogol': False}, {'Giocatore': 'N. González', 'Minuto': 53, 'Rigore': False, 'Autogol': False}, {'Giocatore': 'Barák', 'Minuto': 85, 'Rigore': False, 'Autogol': False}]","[{'Giocatore': 'Mazzitelli', 'Minuto': 66, 'Rigore': False, 'Autogol': False}]"
24,Bologna,Lecce,4-0,"[{'Giocatore': 'Beukema', 'Minuto': 5, 'Rigore': False, 'Autogol': False}, {'Giocatore': 'Orsolini', 'Minuto': 27, 'Rigore': False, 'Autogol': False}, {'Giocatore': 'Orsolini', 'Minuto': 49, 'Rigore': False, 'Autogol': False}, {'Giocatore': 'Odgaard', 'Minuto': 82, 'Rigore': False, 'Autogol': False}]","[]"
24,Monza,Verona,0-0,"[]","[]"
24,Genoa,Atalanta,1-4,"[{'Giocatore': 'Malinovskyi', 'Minuto': 51, 'Rigore': False, 'Autogol': False}]","[{'Giocatore': 'De Ketelaere', 'Minuto': 22, 'Rigore': False, 'Autogol': False}, {'Giocatore': 'Koopmeiners', 'Minuto': 55, 'Rigore': False, 'Autogol': False}, {'Giocatore': 'Zappacosta', 'Minuto': 100, 'Rigore': False, 'Autogol': False}, {'Giocatore': 'Touré', 'Minuto': 103, 'Rigore': False, 'Autogol': False}]"
24,Milan,Napoli,1-0,"[{'Giocatore': 'Theo Hernández', 'Minuto': 25, 'Rigore': False, 'Autogol': False}]","[]"
25,Lazio,Bologna,1-2,"[{'Giocatore': 'Isaksen', 'Minuto': 18, 'Rigore': False, 'Autogol': False}]","[{'Giocatore': 'El Azzouzi', 'Minuto': 39, 'Rigore': False, 'Autogol': False}, {'Giocatore': 'Zirkzee', 'Minuto': 78, 'Rigore': False, 'Autogol': False}]"
25,Empoli,Fiorentina,1-1,"[{'Giocatore': 'Niang', 'Minuto': 56, 'Rigore': True, 'Autogol': False}]","[{'Giocatore': 'Beltrán', 'Minuto': 29, 'Rigore': False, 'Autogol': False}]"
25,Udinese,Cagliari,1-1,"[{'Giocatore': 'Zemura', 'Minuto': 14, 'Rigore': False, 'Autogol': False}]","[{'Giocatore': 'Gaetano', 'Minuto': 44, 'Rigore': False, 'Autogol': False}]"
25,Frosinone,Roma,0-3,"[]","[{'Giocatore': 'Huijsen', 'Minuto': 38, 'Rigore': False, 'Autogol': False}, {'Giocatore': 'Azmoun', 'Minuto': 71, 'Rigore': False, 'Autogol': False}, {'Giocatore': 'Paredes', 'Minuto': 81, 'Rigore': False, 'Autogol': False}]"
25,Monza,Milan,4-2,"[{'Giocatore': 'Pessina', 'Minuto': 46, 'Rigore': True, 'Autogol': False}, {'Giocatore': 'Dany Mota', 'Minuto': 51, 'Rigore': False, 'Autogol': False}, {'Giocatore': 'Bondo', 'Minuto': 90, 'Rigore': False, 'Autogol': False}, {'Giocatore': 'Colombo', 'Minuto': 95, 'Rigore': False, 'Autogol': False}]","[{'Giocatore': 'Giroud', 'Minuto': 64, 'Rigore': False, 'Autogol': False}, {'Giocatore': 'Pulišić', 'Minuto': 88, 'Rigore': False, 'Autogol': False}]"
25,Torino,Lecce,2-0,"[{'Giocatore': 'Bellanova', 'Minuto': 50, 'Rigore': False, 'Autogol': False}, {'Giocatore': 'Zapata', 'Minuto': 81, 'Rigore': False, 'Autogol': False}]","[]"
25,Inter,Salernitana,4-0,"[{'Giocatore': 'Thuram', 'Minuto': 17, 'Rigore': False, 'Autogol': False}, {'Giocatore': 'Lautaro Martínez', 'Minuto': 19, 'Rigore': False, 'Autogol': False}, {'Giocatore': 'Dumfries', 'Minuto': 40, 'Rigore': False, 'Autogol': False}, {'Giocatore': 'Arnautović', 'Minuto': 90, 'Rigore': False, 'Autogol': False}]","[]"
25,Napoli,Genoa,1-1,"[{'Giocatore': 'Ngonge', 'Minuto': 90, 'Rigore': False, 'Autogol': False}]","[{'Giocatore': 'Frendrup', 'Minuto': 47, 'Rigore': False, 'Autogol': False}]"
25,Verona,Juventus,2-2,"[{'Giocatore': 'Folorunsho', 'Minuto': 11, 'Rigore': False, 'Autogol': False}, {'Giocatore': 'Noslin', 'Minuto': 52, 'Rigore': False, 'Autogol': False}]","[{'Giocatore': 'Vlahović', 'Minuto': 28, 'Rigore': True, 'Autogol': False}, {'Giocatore': 'Rabiot', 'Minuto': 55, 'Rigore': False, 'Autogol': False}]"
25,Atalanta,Sassuolo,3-0,"[{'Giocatore': 'Pašalić', 'Minuto': 22, 'Rigore': False, 'Autogol': False}, {'Giocatore': 'Koopmeiners', 'Minuto': 58, 'Rigore': False, 'Autogol': False}, {'Giocatore': 'Bakker', 'Minuto': 75, 'Rigore': False, 'Autogol': False}]","[]"
26,Roma,Torino,3-2,"[{'Giocatore': 'Dybala', 'Minuto': 42, 'Rigore': True, 'Autogol': False}, {'Giocatore': 'Dybala', 'Minuto': 57, 'Rigore': False, 'Autogol': False}, {'Giocatore': 'Dybala', 'Minuto': 69, 'Rigore': False, 'Autogol': False}]","[{'Giocatore': 'Zapata', 'Minuto': 44, 'Rigore': False, 'Autogol': False}, {'Giocatore': 'Huijsen', 'Minuto': 88, 'Rigore': False, 'Autogol': True}]"
26,Fiorentina,Lazio,2-1,"[{'Giocatore': 'Kayode', 'Minuto': 61, 'Rigore': False, 'Autogol': False}, {'Giocatore': 'Bonaventura', 'Minuto': 69, 'Rigore': False, 'Autogol': False}]","[{'Giocatore': 'Luis Alberto', 'Minuto': 45, 'Rigore': False, 'Autogol': False}]"
26,Bologna,Verona,2-0,"[{'Giocatore': 'Fabbian', 'Minuto': 27, 'Rigore': False, 'Autogol': False}, {'Giocatore': 'Freuler', 'Minuto': 65, 'Rigore': False, 'Autogol': False}]","[]"
26,Sassuolo,Empoli,2-3,"[{'Giocatore': 'Luperto', 'Minuto': 11, 'Rigore': False, 'Autogol': False}, {'Giocatore': 'Pinamonti', 'Minuto': 54, 'Rigore': True, 'Autogol': False}]","[{'Giocatore': 'Niang', 'Minuto': 64, 'Rigore': True, 'Autogol': False}, {'Giocatore': 'Ferrari', 'Minuto': 77, 'Rigore': False, 'Autogol': False}, {'Giocatore': 'S. Bastoni', 'Minuto': 94, 'Rigore': False, 'Autogol': False}]"
26,Salernitana,Monza,0-2,"[]","[{'Giocatore': 'Maldini', 'Minuto': 78, 'Rigore': False, 'Autogol': False}, {'Giocatore': 'Pessina', 'Minuto': 83, 'Rigore': False, 'Autogol': False}]"
26,Genoa,Udinese,2-0,"[{'Giocatore': 'Retegui', 'Minuto': 36, 'Rigore': False, 'Autogol': False}, {'Giocatore': 'Bani', 'Minuto': 40, 'Rigore': False, 'Autogol': False}]","[]"
26,Juventus,Frosinone,3-2,"[{'Giocatore': 'Vlahović', 'Minuto': 3, 'Rigore': False, 'Autogol': False}, {'Giocatore': 'Vlahović', 'Minuto': 32, 'Rigore': False, 'Autogol': False}, {'Giocatore': 'Rugani', 'Minuto': 95, 'Rigore': False, 'Autogol': False}]","[{'Giocatore': 'Chedira', 'Minuto': 14, 'Rigore': False, 'Autogol': False}, {'Giocatore': 'Brescianini', 'Minuto': 27, 'Rigore': False, 'Autogol': False}]"
26,Cagliari,Napoli,1-1,"[{'Giocatore': 'Luvumbo', 'Minuto': 96, 'Rigore': False, 'Autogol': False}]","[{'Giocatore': 'Osimhen', 'Minuto': 65, 'Rigore': False, 'Autogol': False}]"
26,Lecce,Inter,0-4,"[]","[{'Giocatore': 'Lautaro Martínez', 'Minuto': 15, 'Rigore': False, 'Autogol': False}, {'Giocatore': 'Frattesi', 'Minuto': 54, 'Rigore': False, 'Autogol': False}, {'Giocatore': 'Lautaro Martínez', 'Minuto': 56, 'Rigore': False, 'Autogol': False}, {'Giocatore': 'de Vrij', 'Minuto': 67, 'Rigore': False, 'Autogol': False}]"
26,Milan,Atalanta,1-1,"[{'Giocatore': 'Rafael Leão', 'Minuto': 3, 'Rigore': False, 'Autogol': False}]","[{'Giocatore': 'Koopmeiners', 'Minuto': 42, 'Rigore': True, 'Autogol': False}]"
27,Inter,Genoa,2-1,"[{'Giocatore': 'Asllani', 'Minuto': 30, 'Rigore': False, 'Autogol': False}, {'Giocatore': 'Sánchez', 'Minuto': 38, 'Rigore': True, 'Autogol': False}]","[{'Giocatore': 'Vásquez', 'Minuto': 54, 'Rigore': False, 'Autogol': False}]"
27,Lazio,Milan,0-1,"[]","[{'Giocatore': 'Okafor', 'Minuto': 88, 'Rigore': False, 'Autogol': False}]"
27,Udinese,Salernitana,1-1,"[{'Giocatore': 'Kamara', 'Minuto': 48, 'Rigore': False, 'Autogol': False}]","[{'Giocatore': 'Tchaouna', 'Minuto': 10, 'Rigore': False, 'Autogol': False}]"
27,Monza,Roma,1-4,"[{'Giocatore': 'A. Carboni', 'Minuto': 87, 'Rigore': False, 'Autogol': False}]","[{'Giocatore': 'Lo. Pellegrini', 'Minuto': 38, 'Rigore': False, 'Autogol': False}, {'Giocatore': 'Lukaku', 'Minuto': 42, 'Rigore': False, 'Autogol': False}, {'Giocatore': 'Dybala', 'Minuto': 63, 'Rigore': False, 'Autogol': False}, {'Giocatore': 'Paredes', 'Minuto': 82, 'Rigore': True, 'Autogol': False}]"
27,Torino,Fiorentina,0-0,"[]","[]"
27,Verona,Sassuolo,1-0,"[{'Giocatore': 'Świderski', 'Minuto': 79, 'Rigore': False, 'Autogol': False}]","[]"
27,Empoli,Cagliari,0-1,"[]","[{'Giocatore': 'Jankto', 'Minuto': 69, 'Rigore': False, 'Autogol': False}]"
27,Frosinone,Lecce,1-1,"[{'Giocatore': 'Cheddira', 'Minuto': 47, 'Rigore': False, 'Autogol': False}]","[{'Giocatore': 'Cerofolini', 'Minuto': 61, 'Rigore': False, 'Autogol': True}]"
27,Atalanta,Bologna,1-2,"[{'Giocatore': 'Lookman', 'Minuto': 28, 'Rigore': False, 'Autogol': False}]","[{'Giocatore': 'Zirkzee', 'Minuto': 57, 'Rigore': True, 'Autogol': False}, {'Giocatore': 'Ferguson', 'Minuto': 61, 'Rigore': False, 'Autogol': False}]"
27,Napoli,Juventus,2-1,"[{'Giocatore': 'Kvaratskhelia', 'Minuto': 42, 'Rigore': False, 'Autogol': False}, {'Giocatore': 'Raspadori', 'Minuto': 88, 'Rigore': False, 'Autogol': False}]","[{'Giocatore': 'Chiesa', 'Minuto': 81, 'Rigore': False, 'Autogol': False}]"
28,Lazio,Udinese,1-2,"[{'Giocatore': 'Giannetti', 'Minuto': 49, 'Rigore': False, 'Autogol': True}]","[{'Giocatore': 'Lucca', 'Minuto': 47, 'Rigore': False, 'Autogol': False}, {'Giocatore': 'Zarraga', 'Minuto': 51, 'Rigore': False, 'Autogol': False}]"
28,Napoli,Torino,1-1,"[{'Giocatore': 'Kvaratskhelia', 'Minuto': 61, 'Rigore': False, 'Autogol': False}]","[{'Giocatore': 'Sanabria', 'Minuto': 64, 'Rigore': False, 'Autogol': False}]"
28,Cagliari,Salernitana,4-2,"[{'Giocatore': 'Lapadula', 'Minuto': 12, 'Rigore': False, 'Autogol': False}, {'Giocatore': 'Gaetano', 'Minuto': 40, 'Rigore': False, 'Autogol': False}, {'Giocatore': 'Shomurodov', 'Minuto': 51, 'Rigore': False, 'Autogol': False}, {'Giocatore': 'Gaetano', 'Minuto': 76, 'Rigore': False, 'Autogol': False}]","[{'Giocatore': 'Kastanos', 'Minuto': 56, 'Rigore': False, 'Autogol': False}, {'Giocatore': 'Maggiore', 'Minuto': 58, 'Rigore': False, 'Autogol': False}]"
28,Sassuolo,Frosinone,1-0,"[{'Giocatore': 'Thorstvedt', 'Minuto': 58, 'Rigore': False, 'Autogol': False}]","[]"
28,Bologna,Inter,0-1,"[]","[{'Giocatore': 'Bisseck', 'Minuto': 37, 'Rigore': False, 'Autogol': False}]"
28,Genoa,Monza,2-3,"[{'Giocatore': 'Guðmundsson', 'Minuto': 52, 'Rigore': False, 'Autogol': False}, {'Giocatore': 'Vitinha', 'Minuto': 68, 'Rigore': False, 'Autogol': False}]","[{'Giocatore': 'Pessina', 'Minuto': 8, 'Rigore': False, 'Autogol': False}, {'Giocatore': 'Dany Mota', 'Minuto': 18, 'Rigore': False, 'Autogol': False}, {'Giocatore': 'Maldini', 'Minuto': 79, 'Rigore': False, 'Autogol': False}]"
28,Lecce,Verona,0-1,"[]","[{'Giocatore': 'Folorunsho', 'Minuto': 17, 'Rigore': False, 'Autogol': False}]"
28,Milan,Empoli,1-0,"[{'Giocatore': 'Pulišić', 'Minuto': 40, 'Rigore': False, 'Autogol': False}]","[]"
28,Juventus,Atalanta,2-2,"[{'Giocatore': 'Cambiaso', 'Minuto': 66, 'Rigore': False, 'Autogol': False}, {'Giocatore': 'Milik', 'Minuto': 70, 'Rigore': False, 'Autogol': False}]","[{'Giocatore': 'Koopmeiners', 'Minuto': 35, 'Rigore': False, 'Autogol': False}, {'Giocatore': 'Koopmeiners', 'Minuto': 75, 'Rigore': False, 'Autogol': False}]"
28,Fiorentina,Roma,2-2,"[{'Giocatore': 'L. Ranieri', 'Minuto': 18, 'Rigore': False, 'Autogol': False}, {'Giocatore': 'Mandragora', 'Minuto': 69, 'Rigore': False, 'Autogol': False}]","[{'Giocatore': 'Aouar', 'Minuto': 58, 'Rigore': False, 'Autogol': False}, {'Giocatore': 'Llorente', 'Minuto': 95, 'Rigore': False, 'Autogol': False}]"
29,Juventus,Genoa,0-0,"[]","[]"
29,Verona,Milan,1-3,"[{'Giocatore': 'Noslin', 'Minuto': 64, 'Rigore': False, 'Autogol': False}]","[{'Giocatore': 'Theo Hernández', 'Minuto': 44, 'Rigore': False, 'Autogol': False}, {'Giocatore': 'Pulišić', 'Minuto': 50, 'Rigore': False, 'Autogol': False}, {'Giocatore': 'Chukwueze', 'Minuto': 79, 'Rigore': False, 'Autogol': False}]"
29,Roma,Sassuolo,1-0,"[{'Giocatore': 'Lo. Pellegrini', 'Minuto': 50, 'Rigore': False, 'Autogol': False}]","[]"
29,Inter,Napoli,1-1,"[{'Giocatore': 'Darmian', 'Minuto': 43, 'Rigore': False, 'Autogol': False}]","[{'Giocatore': 'Juan Jesus', 'Minuto': 81, 'Rigore': False, 'Autogol': False}]"
29,Empoli,Bologna,0-1,"[]","[{'Giocatore': 'Fabbian', 'Minuto': 94, 'Rigore': False, 'Autogol': False}]"
29,Monza,Cagliari,1-0,"[{'Giocatore': 'Maldini', 'Minuto': 42, 'Rigore': False, 'Autogol': False}]","[]"
29,Udinese,Torino,0-2,"[]","[{'Giocatore': 'Zapata', 'Minuto': 10, 'Rigore': False, 'Autogol': False}, {'Giocatore': 'Vlašić', 'Minuto': 53, 'Rigore': False, 'Autogol': False}]"
29,Salernitana,Lecce,0-1,"[]","[{'Giocatore': 'Gyömbér', 'Minuto': 17, 'Rigore': False, 'Autogol': True}]"
29,Frosinone,Lazio,2-3,"[{'Giocatore': 'Lirola', 'Minuto': 13, 'Rigore': False, 'Autogol': False}, {'Giocatore': 'Cheddira', 'Minuto': 70, 'Rigore': False, 'Autogol': False}]","[{'Giocatore': 'Zaccagni', 'Minuto': 38, 'Rigore': False, 'Autogol': False}, {'Giocatore': 'Castellanos', 'Minuto': 57, 'Rigore': False, 'Autogol': False}, {'Giocatore': 'Castellanos', 'Minuto': 62, 'Rigore': False, 'Autogol': False}]"
29,Atalanta,Fiorentina,2-3,"[{'Giocatore': 'Lookman', 'Minuto': 12, 'Rigore': False, 'Autogol': False}, {'Giocatore': 'Scalvini', 'Minuto': 32, 'Rigore': False, 'Autogol': False}]","[{'Giocatore': 'Belotti', 'Minuto': 6, 'Rigore': False, 'Autogol': False}, {'Giocatore': 'N. González', 'Minuto': 19, 'Rigore': False, 'Autogol': False}, {'Giocatore': 'Belotti', 'Minuto': 47, 'Rigore': True, 'Autogol': False}]"
30,Bologna,Salernitana,3-0,"[{'Giocatore': 'Orsolini', 'Minuto': 14, 'Rigore': False, 'Autogol': False}, {'Giocatore': 'Saelemaekers', 'Minuto': 44, 'Rigore': False, 'Autogol': False}, {'Giocatore': 'Lykogiannis', 'Minuto': 92, 'Rigore': False, 'Autogol': False}]","[]"
30,Cagliari,Verona,1-1,"[{'Giocatore': 'Sulemana', 'Minuto': 74, 'Rigore': False, 'Autogol': False}]","[{'Giocatore': 'Bonazzoli', 'Minuto': 30, 'Rigore': False, 'Autogol': False}]"
30,Sassuolo,Udinese,1-1,"[{'Giocatore': 'Defrel', 'Minuto': 41, 'Rigore': False, 'Autogol': False}]","[{'Giocatore': 'Thauvin', 'Minuto': 44, 'Rigore': False, 'Autogol': False}]"
30,Lecce,Roma,0-0,"[]","[]"
30,Inter,Empoli,2-0,"[{'Giocatore': 'Dimarco', 'Minuto': 6, 'Rigore': False, 'Autogol': False}, {'Giocatore': 'Sánchez', 'Minuto': 81, 'Rigore': False, 'Autogol': False}]","[]"
30,Napoli,Atalanta,0-3,"[]","[{'Giocatore': 'Miranchuk', 'Minuto': 26, 'Rigore': False, 'Autogol': False}, {'Giocatore': 'Scamacca', 'Minuto': 45, 'Rigore': False, 'Autogol': False}, {'Giocatore': 'Koopmeiners', 'Minuto': 88, 'Rigore': False, 'Autogol': False}]"
30,Genoa,Frosinone,1-1,"[{'Giocatore': 'Guðmundsson', 'Minuto': 30, 'Rigore': True, 'Autogol': False}]","[{'Giocatore': 'Reinier', 'Minuto': 36, 'Rigore': False, 'Autogol': False}]"
30,Torino,Monza,1-0,"[{'Giocatore': 'Sanabria', 'Minuto': 69, 'Rigore': True, 'Autogol': False}]","[]"
30,Lazio,Juventus,1-0,"[{'Giocatore': 'Marušić', 'Minuto': 93, 'Rigore': False, 'Autogol': False}]","[]"
30,Fiorentina,Milan,1-2,"[{'Giocatore': 'Duncan', 'Minuto': 50, 'Rigore': False, 'Autogol': False}]","[{'Giocatore': 'Loftus-Cheek', 'Minuto': 47, 'Rigore': False, 'Autogol': False}, {'Giocatore': 'Rafael Leão', 'Minuto': 53, 'Rigore': False, 'Autogol': False}]"
31,Udinese,Inter,1-2,"[{'Giocatore': 'Samardžić', 'Minuto': 40, 'Rigore': False, 'Autogol': False}]","[{'Giocatore': 'Çalhanoğlu', 'Minuto': 55, 'Rigore': True, 'Autogol': False}, {'Giocatore': 'Frattesi', 'Minuto': 95, 'Rigore': False, 'Autogol': False}]"
31,Salernitana,Sassuolo,2-2,"[{'Giocatore': 'Candreva', 'Minuto': 52, 'Rigore': True, 'Autogol': False}, {'Giocatore': 'Maggiore', 'Minuto': 91, 'Rigore': False, 'Autogol': False}]","[{'Giocatore': 'Laurienté', 'Minuto': 37, 'Rigore': False, 'Autogol': False}, {'Giocatore': 'Bajrami', 'Minuto': 44, 'Rigore': False, 'Autogol': False}]"
31,Milan,Lecce,3-0,"[{'Giocatore': 'Pulišić', 'Minuto': 6, 'Rigore': False, 'Autogol': False}, {'Giocatore': 'Giroud', 'Minuto': 20, 'Rigore': False, 'Autogol': False}, {'Giocatore': 'Rafael Leão', 'Minuto': 57, 'Rigore': False, 'Autogol': False}]","[]"
31,Roma,Lazio,1-0,"[{'Giocatore': 'Mancini', 'Minuto': 42, 'Rigore': False, 'Autogol': False}]","[]"
31,Empoli,Torino,3-2,"[{'Giocatore': 'Cambiaghi', 'Minuto': 6, 'Rigore': False, 'Autogol': False}, {'Giocatore': 'Cancellieri', 'Minuto': 74, 'Rigore': False, 'Autogol': False}, {'Giocatore': 'Niang', 'Minuto': 94, 'Rigore': False, 'Autogol': False}]","[{'Giocatore': 'Zapata', 'Minuto': 60, 'Rigore': False, 'Autogol': False}, {'Giocatore': 'Zapata', 'Minuto': 91, 'Rigore': False, 'Autogol': False}]"
31,Frosinone,Bologna,0-0,"[]","[]"
31,Monza,Napoli,2-4,"[{'Giocatore': 'Djuric', 'Minuto': 9, 'Rigore': False, 'Autogol': False}, {'Giocatore': 'Colpani', 'Minuto': 62, 'Rigore': False, 'Autogol': False}]","[{'Giocatore': 'Osimhen', 'Minuto': 55, 'Rigore': False, 'Autogol': False}, {'Giocatore': 'Politano', 'Minuto': 57, 'Rigore': False, 'Autogol': False}, {'Giocatore': 'Zieliński', 'Minuto': 61, 'Rigore': False, 'Autogol': False}, {'Giocatore': 'Raspadori', 'Minuto': 69, 'Rigore': False, 'Autogol': False}]"
31,Cagliari,Atalanta,2-1,"[{'Giocatore': 'Augello', 'Minuto': 42, 'Rigore': False, 'Autogol': False}, {'Giocatore': 'Viola', 'Minuto': 88, 'Rigore': False, 'Autogol': False}]","[{'Giocatore': 'Scamacca', 'Minuto': 13, 'Rigore': False, 'Autogol': False}]"
31,Verona,Genoa,1-2,"[{'Giocatore': 'Bonazzoli', 'Minuto': 8, 'Rigore': False, 'Autogol': False}]","[{'Giocatore': 'Ekuban', 'Minuto': 45, 'Rigore': False, 'Autogol': False}, {'Giocatore': 'Guðmundsson', 'Minuto': 58, 'Rigore': False, 'Autogol': False}]"
31,Juventus,Fiorentina,1-0,"[{'Giocatore': 'Gatti', 'Minuto': 21, 'Rigore': False, 'Autogol': False}]","[]"
32,Fiorentina,Genoa,1-1,"[{'Giocatore': 'Ikoné', 'Minuto': 54, 'Rigore': False, 'Autogol': False}]","[{'Giocatore': 'Guðmundsson', 'Minuto': 42, 'Rigore': True, 'Autogol': False}]"
32,Atalanta,Verona,2-2,"[{'Giocatore': 'Scamacca', 'Minuto': 13, 'Rigore': False, 'Autogol': False}, {'Giocatore': 'Éderson', 'Minuto': 18, 'Rigore': False, 'Autogol': False}]","[{'Giocatore': 'Lazović', 'Minuto': 56, 'Rigore': False, 'Autogol': False}, {'Giocatore': 'Noslin', 'Minuto': 60, 'Rigore': False, 'Autogol': False}]"
32,Lazio,Salernitana,4-1,"[{'Giocatore': 'Felipe Anderson', 'Minuto': 7, 'Rigore': False, 'Autogol': False}, {'Giocatore': 'Vecino', 'Minuto': 14, 'Rigore': False, 'Autogol': False}, {'Giocatore': 'Isaksen', 'Minuto': 87, 'Rigore': False, 'Autogol': False}]","[{'Giocatore': 'Tchaouna', 'Minuto': 16, 'Rigore': False, 'Autogol': False}]"
32,Lecce,Empoli,1-0,"[{'Giocatore': 'Sansone', 'Minuto': 89, 'Rigore': False, 'Autogol': False}]","[]"
32,Torino,Juventus,0-0,"[]","[]"
32,Bologna,Monza,0-0,"[]","[]"
32,Napoli,Frosinone,2-2,"[{'Giocatore': 'Politano', 'Minuto': 16, 'Rigore': False, 'Autogol': False}, {'Giocatore': 'Osimhen', 'Minuto': 63, 'Rigore': False, 'Autogol': False}]","[{'Giocatore': 'Cheddira', 'Minuto': 50, 'Rigore': False, 'Autogol': False}, {'Giocatore': 'Cheddira', 'Minuto': 73, 'Rigore': False, 'Autogol': False}]"
32,Sassuolo,Milan,3-4,"[{'Giocatore': 'Pinamonti', 'Minuto': 4, 'Rigore': False, 'Autogol': False}, {'Giocatore': 'Laurienté', 'Minuto': 10, 'Rigore': False, 'Autogol': False}, {'Giocatore': 'Laurienté', 'Minuto': 53, 'Rigore': False, 'Autogol': False}]","[{'Giocatore': 'Rafael Leão', 'Minuto': 20, 'Rigore': False, 'Autogol': False}, {'Giocatore': 'Jović', 'Minuto': 59, 'Rigore': False, 'Autogol': False}, {'Giocatore': 'Okafor', 'Minuto': 84, 'Rigore': False, 'Autogol': False}]"
32,Udinese,Roma,1-1,"[{'Giocatore': 'Pereyra', 'Minuto': 23, 'Rigore': False, 'Autogol': False}]","[{'Giocatore': 'Lukaku', 'Minuto': 64, 'Rigore': False, 'Autogol': False}]"
32,Inter,Cagliari,2-2,"[{'Giocatore': 'Thuram', 'Minuto': 12, 'Rigore': False, 'Autogol': False}, {'Giocatore': 'Çalhanoğlu', 'Minuto': 74, 'Rigore': True, 'Autogol': False}]","[{'Giocatore': 'Shomurodov', 'Minuto': 64, 'Rigore': False, 'Autogol': False}, {'Giocatore': 'Viola', 'Minuto': 82, 'Rigore': False, 'Autogol': False}]"
33,Roma,Bologna,1-3,"[{'Giocatore': 'Azmoun', 'Minuto': 56, 'Rigore': False, 'Autogol': False}]","[{'Giocatore': 'El Azzouzi', 'Minuto': 14, 'Rigore': False, 'Autogol': False}, {'Giocatore': 'Zirkzee', 'Minuto': 45, 'Rigore': False, 'Autogol': False}, {'Giocatore': 'Saelemaekers', 'Minuto': 65, 'Rigore': False, 'Autogol': False}]"
33,Milan,Inter,1-2,"[{'Giocatore': 'Tomori', 'Minuto': 80, 'Rigore': False, 'Autogol': False}]","[{'Giocatore': 'Acerbi', 'Minuto': 18, 'Rigore': False, 'Autogol': False}, {'Giocatore': 'Thuram', 'Minuto': 49, 'Rigore': False, 'Autogol': False}]"
33,Genoa,Lazio,0-1,"[]","[{'Giocatore': 'Luis Alberto', 'Minuto': 67, 'Rigore': False, 'Autogol': False}]"
33,Cagliari,Juventus,2-2,"[{'Giocatore': 'Gaetano', 'Minuto': 30, 'Rigore': True, 'Autogol': False}, {'Giocatore': 'Mina', 'Minuto': 36, 'Rigore': False, 'Autogol': False}]","[{'Giocatore': 'Vlahović', 'Minuto': 62, 'Rigore': False, 'Autogol': False}, {'Giocatore': 'Dossena', 'Minuto': 87, 'Rigore': False, 'Autogol': True}]"
33,Empoli,Napoli,1-0,"[{'Giocatore': 'Cerri', 'Minuto': 4, 'Rigore': False, 'Autogol': False}]","[]"
33,Verona,Udinese,1-0,"[{'Giocatore': 'Coppola', 'Minuto': 93, 'Rigore': False, 'Autogol': False}]","[]"
33,Sassuolo,Lecce,0-3,"[]","[{'Giocatore': 'Gendrey', 'Minuto': 11, 'Rigore': False, 'Autogol': False}, {'Giocatore': 'Dorgu', 'Minuto': 15, 'Rigore': False, 'Autogol': False}, {'Giocatore': 'Piccoli', 'Minuto': 61, 'Rigore': False, 'Autogol': False}]"
33,Torino,Frosinone,0-0,"[]","[]"
33,Salernitana,Fiorentina,0-2,"[]","[{'Giocatore': 'Kouamé', 'Minuto': 80, 'Rigore': False, 'Autogol': False}, {'Giocatore': 'Ikoné', 'Minuto': 95, 'Rigore': False, 'Autogol': False}]"
33,Monza,Atalanta,1-2,"[{'Giocatore': 'Maldini', 'Minuto': 89, 'Rigore': False, 'Autogol': False}]","[{'Giocatore': 'De Ketelaere', 'Minuto': 44, 'Rigore': False, 'Autogol': False}, {'Giocatore': 'Touré', 'Minuto': 72, 'Rigore': False, 'Autogol': False}]"
34,Genoa,Cagliari,3-0,"[{'Giocatore': 'Thorsby', 'Minuto': 17, 'Rigore': False, 'Autogol': False}, {'Giocatore': 'Frendrup', 'Minuto': 27, 'Rigore': False, 'Autogol': False}, {'Giocatore': 'Guðmundsson', 'Minuto': 63, 'Rigore': False, 'Autogol': False}]","[]"
34,Frosinone,Salernitana,3-0,"[{'Giocatore': 'Soulé', 'Minuto': 10, 'Rigore': True, 'Autogol': False}, {'Giocatore': 'Brescianini', 'Minuto': 25, 'Rigore': False, 'Autogol': False}, {'Giocatore': 'Zortea', 'Minuto': 85, 'Rigore': False, 'Autogol': False}]","[]"
34,Lecce,Monza,1-1,"[{'Giocatore': 'Krstović', 'Minuto': 92, 'Rigore': False, 'Autogol': False}]","[{'Giocatore': 'Pessina', 'Minuto': 96, 'Rigore': True, 'Autogol': False}]"
34,Juventus,Milan,0-0,"[]","[]"
34,Lazio,Verona,1-0,"[{'Giocatore': 'Zaccagni', 'Minuto': 72, 'Rigore': False, 'Autogol': False}]","[]"
34,Inter,Torino,2-0,"[{'Giocatore': 'Çalhanoğlu', 'Minuto': 56, 'Rigore': False, 'Autogol': False}, {'Giocatore': 'Çalhanoğlu', 'Minuto': 60, 'Rigore': True, 'Autogol': False}]","[]"
34,Bologna,Udinese,2-1,"[{'Giocatore': 'Saelemaekers', 'Minuto': 78, 'Rigore': False, 'Autogol': False}]","[{'Giocatore': 'Payero', 'Minuto': 46, 'Rigore': False, 'Autogol': False}]"
34,Atalanta,Empoli,2-0,"[{'Giocatore': 'Pašalić', 'Minuto': 42, 'Rigore': False, 'Autogol': False}, {'Giocatore': 'Lookman', 'Minuto': 51, 'Rigore': False, 'Autogol': False}]","[]"
34,Napoli,Roma,2-2,"[{'Giocatore': 'Mathías Olivera', 'Minuto': 64, 'Rigore': False, 'Autogol': False}, {'Giocatore': 'Osimhen', 'Minuto': 84, 'Rigore': True, 'Autogol': False}]","[{'Giocatore': 'Dybala', 'Minuto': 59, 'Rigore': True, 'Autogol': False}, {'Giocatore': 'Abraham', 'Minuto': 88, 'Rigore': False, 'Autogol': False}]"
34,Fiorentina,Sassuolo,5-1,"[{'Giocatore': 'Sottil', 'Minuto': 17, 'Rigore': False, 'Autogol': False}, {'Giocatore': 'Martínez Quarta', 'Minuto': 54, 'Rigore': False, 'Autogol': False}, {'Giocatore': 'Barák', 'Minuto': 62, 'Rigore': False, 'Autogol': False}, {'Giocatore': 'N. González', 'Minuto': 66, 'Rigore': False, 'Autogol': False}]","[{'Giocatore': 'Thorstvedt', 'Minuto': 57, 'Rigore': False, 'Autogol': False}, {'Giocatore': 'Thorstvedt', 'Minuto': 58, 'Rigore': False, 'Autogol': True}]"
35,Salernitana,Atalanta,1-2,"[{'Giocatore': 'Tchaouna', 'Minuto': 18, 'Rigore': False, 'Autogol': False}]","[{'Giocatore': 'Scamacca', 'Minuto': 57, 'Rigore': False, 'Autogol': False}, {'Giocatore': 'Koopmeiners', 'Minuto': 63, 'Rigore': False, 'Autogol': False}]"
35,Udinese,Napoli,1-1,"[{'Giocatore': 'Success', 'Minuto': 92, 'Rigore': False, 'Autogol': False}]","[{'Giocatore': 'Osimhen', 'Minuto': 51, 'Rigore': False, 'Autogol': False}]"
35,Torino,Bologna,0-0,"[]","[]"
35,Monza,Lazio,2-2,"[{'Giocatore': 'Djurić', 'Minuto': 73, 'Rigore': False, 'Autogol': False}]","[{'Giocatore': 'Immobile', 'Minuto': 11, 'Rigore': False, 'Autogol': False}, {'Giocatore': 'Vecino', 'Minuto': 83, 'Rigore': False, 'Autogol': False}, {'Giocatore': 'Djurić', 'Minuto': 92, 'Rigore': False, 'Autogol': True}]"
35,Sassuolo,Inter,1-0,"[{'Giocatore': 'Laurienté', 'Minuto': 20, 'Rigore': False, 'Autogol': False}]","[]"
35,Cagliari,Lecce,1-1,"[{'Giocatore': 'Mina', 'Minuto': 26, 'Rigore': False, 'Autogol': False}]","[{'Giocatore': 'Krstović', 'Minuto': 84, 'Rigore': False, 'Autogol': False}]"
35,Empoli,Frosinone,0-0,"[]","[]"
35,Verona,Fiorentina,2-1,"[{'Giocatore': 'Lazović', 'Minuto': 13, 'Rigore': True, 'Autogol': False}, {'Giocatore': 'Noslin', 'Minuto': 59, 'Rigore': False, 'Autogol': False}]","[{'Giocatore': 'Castrovilli', 'Minuto': 42, 'Rigore': False, 'Autogol': False}]"
35,Milan,Genoa,3-3,"[{'Giocatore': 'Florenzi', 'Minuto': 45, 'Rigore': False, 'Autogol': False}, {'Giocatore': 'Gabbia', 'Minuto': 72, 'Rigore': False, 'Autogol': False}, {'Giocatore': 'Giroud', 'Minuto': 75, 'Rigore': False, 'Autogol': False}]","[{'Giocatore': 'Retegui', 'Minuto': 5, 'Rigore': False, 'Autogol': False}, {'Giocatore': 'Ekuban', 'Minuto': 48, 'Rigore': False, 'Autogol': False}, {'Giocatore': 'Thiaw', 'Minuto': 87, 'Rigore': False, 'Autogol': True}]"
35,Roma,Juventus,1-1,"[{'Giocatore': 'Lukaku', 'Minuto': 15, 'Rigore': False, 'Autogol': False}]","[{'Giocatore': 'Bremer', 'Minuto': 31, 'Rigore': False, 'Autogol': False}]"
36,Lecce,Udinese,0-2,"[]","[{'Giocatore': 'Lucca', 'Minuto': 36, 'Rigore': False, 'Autogol': False}, {'Giocatore': 'Samardžić', 'Minuto': 85, 'Rigore': False, 'Autogol': False}]"
36,Fiorentina,Monza,2-1,"[{'Giocatore': 'N. González', 'Minuto': 32, 'Rigore': False, 'Autogol': False}, {'Giocatore': 'Arthur', 'Minuto': 78, 'Rigore': False, 'Autogol': False}]","[{'Giocatore': 'Djurić', 'Minuto': 9, 'Rigore': False, 'Autogol': False}]"
36,Frosinone,Inter,0-5,"[]","[{'Giocatore': 'Frattesi', 'Minuto': 19, 'Rigore': False, 'Autogol': False}, {'Giocatore': 'Arnautović', 'Minuto': 60, 'Rigore': False, 'Autogol': False}, {'Giocatore': 'Buchanan', 'Minuto': 77, 'Rigore': False, 'Autogol': False}, {'Giocatore': 'Lautaro Martínez', 'Minuto': 80, 'Rigore': False, 'Autogol': False}, {'Giocatore': 'Thuram', 'Minuto': 84, 'Rigore': False, 'Autogol': False}]"
36,Napoli,Bologna,0-2,"[]","[{'Giocatore': 'Ndoye', 'Minuto': 9, 'Rigore': False, 'Autogol': False}, {'Giocatore': 'Posch', 'Minuto': 12, 'Rigore': False, 'Autogol': False}]"
36,Milan,Cagliari,5-1,"[{'Giocatore': 'Bennacer', 'Minuto': 35, 'Rigore': False, 'Autogol': False}, {'Giocatore': 'Pulišić', 'Minuto': 59, 'Rigore': False, 'Autogol': False}, {'Giocatore': 'Pulišić', 'Minuto': 86, 'Rigore': False, 'Autogol': False}, {'Giocatore': 'Reijnders', 'Minuto': 74, 'Rigore': False, 'Autogol': False}, {'Giocatore': 'Rafael Leão', 'Minuto': 83, 'Rigore': False, 'Autogol': False}]","[{'Giocatore': 'Nández', 'Minuto': 63, 'Rigore': False, 'Autogol': False}]"
36,Lazio,Empoli,2-0,"[{'Giocatore': 'Patric', 'Minuto': 48, 'Rigore': False, 'Autogol': False}, {'Giocatore': 'Vecino', 'Minuto': 89, 'Rigore': False, 'Autogol': False}]","[]"
36,Genoa,Sassuolo,2-1,"[{'Giocatore': 'Badelj', 'Minuto': 56, 'Rigore': False, 'Autogol': False}, {'Giocatore': 'Kumbulla', 'Minuto': 63, 'Rigore': False, 'Autogol': True}]","[{'Giocatore': 'Pinamonti', 'Minuto': 31, 'Rigore': True, 'Autogol': False}]"
36,Verona,Torino,2-1,"[{'Giocatore': 'Świderski', 'Minuto': 67, 'Rigore': False, 'Autogol': False}, {'Giocatore': 'Savva', 'Minuto': 77, 'Rigore': False, 'Autogol': False}]","[{'Giocatore': 'Pellegri', 'Minuto': 83, 'Rigore': False, 'Autogol': False}]"
36,Juventus,Salernitana,1-1,"[{'Giocatore': 'Rabiot', 'Minuto': 91, 'Rigore': False, 'Autogol': False}]","[{'Giocatore': 'Pierozzi', 'Minuto': 27, 'Rigore': False, 'Autogol': False}]"
36,Atalanta,Roma,2-1,"[{'Giocatore': 'De Ketelaere', 'Minuto': 18, 'Rigore': False, 'Autogol': False}, {'Giocatore': 'De Ketelaere', 'Minuto': 20, 'Rigore': False, 'Autogol': False}]","[{'Giocatore': 'Lo. Pellegrini', 'Minuto': 66, 'Rigore': True, 'Autogol': False}]"
37,Salernitana,Verona,1-2,"[{'Giocatore': 'Maggiore', 'Minuto': 90, 'Rigore': False, 'Autogol': False}]","[{'Giocatore': 'Suslov', 'Minuto': 22, 'Rigore': False, 'Autogol': False}, {'Giocatore': 'Folorunsho', 'Minuto': 48, 'Rigore': False, 'Autogol': False}]"
37,Bologna,Juventus,3-3,"[{'Giocatore': 'Calafiori', 'Minuto': 2, 'Rigore': False, 'Autogol': False}, {'Giocatore': 'Calafiori', 'Minuto': 53, 'Rigore': False, 'Autogol': False}, {'Giocatore': 'Castro', 'Minuto': 11, 'Rigore': False, 'Autogol': False}]","[{'Giocatore': 'Chiesa', 'Minuto': 76, 'Rigore': False, 'Autogol': False}, {'Giocatore': 'Milik', 'Minuto': 83, 'Rigore': False, 'Autogol': False}, {'Giocatore': 'Yıldız', 'Minuto': 84, 'Rigore': False, 'Autogol': False}]"
37,Fiorentina,Napoli,2-2,"[{'Giocatore': 'Biraghi', 'Minuto': 40, 'Rigore': False, 'Autogol': False}, {'Giocatore': 'Nzola', 'Minuto': 42, 'Rigore': False, 'Autogol': False}]","[{'Giocatore': 'Rahmani', 'Minuto': 8, 'Rigore': False, 'Autogol': False}, {'Giocatore': 'Kvaratskhelia', 'Minuto': 57, 'Rigore': False, 'Autogol': False}]"
37,Lecce,Atalanta,0-2,"[]","[{'Giocatore': 'De Ketelaere', 'Minuto': 48, 'Rigore': False, 'Autogol': False}, {'Giocatore': 'Scamacca', 'Minuto': 53, 'Rigore': False, 'Autogol': False}]"
37,Torino,Milan,3-1,"[{'Giocatore': 'Zapata', 'Minuto': 26, 'Rigore': False, 'Autogol': False}, {'Giocatore': 'Ilić', 'Minuto': 40, 'Rigore': False, 'Autogol': False}, {'Giocatore': 'Rodríguez', 'Minuto': 46, 'Rigore': False, 'Autogol': False}]","[{'Giocatore': 'Bennacer', 'Minuto': 55, 'Rigore': True, 'Autogol': False}]"
37,Sassuolo,Cagliari,0-2,"[]","[{'Giocatore': 'Prati', 'Minuto': 71, 'Rigore': False, 'Autogol': False}, {'Giocatore': 'Lapadula', 'Minuto': 91, 'Rigore': True, 'Autogol': False}]"
37,Monza,Frosinone,0-1,"[]","[{'Giocatore': 'Cheddira', 'Minuto': 9, 'Rigore': False, 'Autogol': False}]"
37,Udinese,Empoli,1-1,"[{'Giocatore': 'Samardžić', 'Minuto': 104, 'Rigore': True, 'Autogol': False}]","[{'Giocatore': 'Niang', 'Minuto': 90, 'Rigore': True, 'Autogol': False}]"
37,Inter,Lazio,1-1,"[{'Giocatore': 'Dumfries', 'Minuto': 87, 'Rigore': False, 'Autogol': False}]","[{'Giocatore': 'Kamada', 'Minuto': 32, 'Rigore': False, 'Autogol': False}]"
37,Roma,Genoa,1-0,"[{'Giocatore': 'Lukaku', 'Minuto': 79, 'Rigore': False, 'Autogol': False}]","[]"
38,Atalanta,Torino,3-0,"[{'Giocatore': 'Scamacca', 'Minuto': 26, 'Rigore': False, 'Autogol': False}, {'Giocatore': 'Lookman', 'Minuto': 43, 'Rigore': False, 'Autogol': False}, {'Giocatore': 'Pašalić', 'Minuto': 71, 'Rigore': True, 'Autogol': False}]","[]"
38,Napoli,Lecce,0-0,"[]","[]"
38,Empoli,Roma,2-1,"[{'Giocatore': 'Cancellieri', 'Minuto': 13, 'Rigore': False, 'Autogol': False}, {'Giocatore': 'Niang', 'Minuto': 93, 'Rigore': False, 'Autogol': False}]","[{'Giocatore': 'Aouar', 'Minuto': 46, 'Rigore': False, 'Autogol': False}]"
38,Frosinone,Udinese,0-1,"[]","[{'Giocatore': 'Davis', 'Minuto': 76, 'Rigore': False, 'Autogol': False}]"
38,Lazio,Sassuolo,1-1,"[{'Giocatore': 'Zaccagni', 'Minuto': 60, 'Rigore': False, 'Autogol': False}]","[{'Giocatore': 'Viti', 'Minuto': 66, 'Rigore': False, 'Autogol': False}]"
38,Verona,Inter,2-2,"[{'Giocatore': 'Noslin', 'Minuto': 16, 'Rigore': False, 'Autogol': False}, {'Giocatore': 'Suslov', 'Minuto': 37, 'Rigore': False, 'Autogol': False}]","[{'Giocatore': 'Arnautović', 'Minuto': 10, 'Rigore': False, 'Autogol': False}, {'Giocatore': 'Arnautović', 'Minuto': 46, 'Rigore': False, 'Autogol': False}]"
38,Cagliari,Fiorentina,2-3,"[{'Giocatore': 'Deiola', 'Minuto': 64, 'Rigore': False, 'Autogol': False}, {'Giocatore': 'Kingstone', 'Minuto': 85, 'Rigore': False, 'Autogol': False}]","[{'Giocatore': 'Bonaventura', 'Minuto': 39, 'Rigore': False, 'Autogol': False}, {'Giocatore': 'N. González', 'Minuto': 89, 'Rigore': False, 'Autogol': False}, {'Giocatore': 'Arthur', 'Minuto': 103, 'Rigore': True, 'Autogol': False}]"
38,Genoa,Bologna,2-0,"[{'Giocatore': 'Malinovskyi', 'Minuto': 13, 'Rigore': False, 'Autogol': False}, {'Giocatore': 'Vitinha', 'Minuto': 59, 'Rigore': False, 'Autogol': False}]","[]"
38,Juventus,Monza,2-0,"[{'Giocatore': 'Chiesa', 'Minuto': 26, 'Rigore': False, 'Autogol': False}, {'Giocatore': 'Alex Sandro', 'Minuto': 28, 'Rigore': False, 'Autogol': False}]","[]"
38,Milan,Salernitana,3-3,"[{'Giocatore': 'Rafael Leão', 'Minuto': 22, 'Rigore': False, 'Autogol': False}, {'Giocatore': 'Giroud', 'Minuto': 27, 'Rigore': False, 'Autogol': False}, {'Giocatore': 'Giroud', 'Minuto': 64, 'Rigore': False, 'Autogol': False}]","[{'Giocatore': 'Simy', 'Minuto': 89, 'Rigore': False, 'Autogol': False}, {'Giocatore': 'Calabria', 'Minuto': 77, 'Rigore': False, 'Autogol': True}, {'Giocatore': 'Sambia', 'Minuto': 87, 'Rigore': False, 'Autogol': False}]"
